duration,frequency
2938.8895940278694,90.78244659576563
125.64752481156292,51.08999673361894
9722.725603120613,13.8534927526179
504.2536570983136,21.91044631184207
47485.02760219574,0.0
47485.055116415024,0.0
47485.08813500404,0.0
47485.12602496147,0.0
47485.165576696396,0.0
47485.20607614517,0.0
47485.24357008934,0.0
47485.276285648346,0.0
47485.311817884445,0.0
47485.34556365013,0.0
47485.38329935074,0.0
47485.41385054588,0.0
47485.440133333206,0.0
47485.471930503845,0.0
47485.50492167473,0.0
47485.53539562225,0.0
47485.56845498085,0.0
47485.60879635811,0.0
47485.64538550377,0.0
47485.675520181656,0.0
47485.7192530632,0.0
47485.748754262924,0.0
47485.778406620026,0.0
47485.809220552444,0.0
47485.83975148201,0.0
47485.87336730957,0.0
47485.90458846092,0.0
47485.93870353699,0.0
47485.97531890869,0.0
47486.01506948471,0.0
47486.04822087288,0.0
47486.06809949875,0.0
47486.095532655716,0.0
47486.12141299248,0.0
47486.15322089195,0.0
47486.181272506714,0.0
47486.21780014038,0.0
47486.25068473816,0.0
47486.28872060776,0.0
47486.31891155243,0.0
47486.356966495514,0.0
47486.38814711571,0.0
47486.423053979874,0.0
47486.39877438545,0.0
47486.429043293,0.0
47486.45896029472,0.0
47486.49475002289,0.0
47486.52634310722,0.0
47486.55789589882,0.0
47486.59731006622,0.0
47486.63155460358,0.0
47486.67027711868,0.0
47486.696739435196,0.0
47486.728576898575,0.0
47486.758059978485,0.0
47486.52112078667,0.0
47486.559486866,0.0
47486.5997338295,0.0
47486.5934138298,0.0
47486.61471939087,0.0
47485.79403114319,0.0
47485.82478713989,0.0
47485.85770916939,0.0
47485.88242959976,0.0
47485.88808083534,0.0
47485.84319472313,0.0
47485.86921310425,0.0
47485.901411771774,0.0
47485.8873963356,0.0
47485.71747851372,0.0
47485.75002646446,0.0
47485.75354528427,0.0
47485.791974782944,0.0
47485.82494974136,0.0
47485.85566115379,0.0
47485.89401888847,0.0
47485.904868364334,0.0
47485.92903017998,0.0
47485.96229124069,0.0
47485.995603084564,0.0
47486.02589774132,0.0
47485.88253545761,0.0
47485.92292904854,0.0
47485.95124530792,0.0
47484.52177286148,0.0
47484.53431224823,0.0
47484.115224123,0.0
47484.0375316143,0.0
47483.85852718353,0.0
47483.868805885315,0.0
47483.86984658241,0.0
47483.88093805313,0.0
47483.901571035385,0.0
47483.92244100571,0.0
47483.94338607788,0.0
47483.96416974068,0.0
47483.984768390656,0.0
47483.885207891464,0.0
47483.26597619057,0.0
47483.28870177269,0.0
47593.11837077141,0.0
47594.200335502625,0.0
47595.28344154358,0.0
47596.33852815628,0.0
47597.386144161224,0.0
47598.47846651077,0.0
47599.58185195923,0.0
47600.67548704147,0.0
47601.76392030716,0.0
47602.85755419731,0.0
47603.904012680054,0.0
47604.9448633194,1.0
47605.991001844406,0.0
47607.075444459915,0.0
47608.159775972366,0.0
47609.236189603806,0.0
47610.31205391884,0.0
47611.366278886795,0.0
47612.451743364334,0.0
47613.54538369179,0.0
47614.630259513855,0.0
47615.71406316757,0.0
47616.80380010605,0.0
47617.85449695587,0.0
47618.89676260948,0.0
47619.95974421501,1.0
47621.04522371292,0.0
47622.15352058411,0.0
47623.22331690788,0.0
47624.30888199806,0.0
47625.379581689835,0.0
47626.458419561386,0.0
47627.55270075798,0.0
47628.624225854874,0.0
47629.736426353455,0.0
47630.805920124054,0.0
47631.89295578003,0.0
47632.980718135834,0.0
47634.06419253349,0.0
47635.10563826561,0.0
47636.1909403801,0.0
47637.26056599617,0.0
47638.35246801376,0.0
47639.39636659622,0.0
47640.454820632935,0.0
47641.546707868576,0.0
47642.62691092491,0.0
47643.76403045654,0.0
47644.813582897186,0.0
47645.90211510658,0.0
47646.97077131271,0.0
47648.05329370499,0.0
47649.130204916,0.0
47650.17522120476,0.0
47651.228533267975,0.0
47652.049506902695,0.0
47653.139756441116,0.0
47654.20093035698,0.0
47655.24457669258,0.0
47656.28626680374,0.0
47656.51929807663,0.0
47657.610043525696,0.0
47658.70227313042,0.0
47659.79117655754,0.0
47660.84897375107,0.0
47661.86282372475,0.0
47662.9290907383,0.0
47664.02484035492,0.0
47665.02702665329,0.0
47665.89962935448,0.0
47666.96834182739,0.0
47668.12154555321,0.0
47669.18133807182,0.0
47670.228031635284,0.0
47671.32198596001,0.0
47672.408572912216,0.0
47673.4591987133,0.0
47674.53366661072,0.0
47675.625272512436,0.0
47676.67614221573,0.0
47677.768332242966,0.0
47678.63763666153,0.0
47679.72096514702,0.0
47680.7789516449,0.0
47680.42426228523,0.0
47681.48355317116,0.0
47682.098886966705,0.0
47683.095068216324,0.0
47683.97956323624,0.0
47685.014623880386,0.0
47686.08627033234,0.0
47687.14744472504,0.0
47688.19855904579,0.0
47689.29664993286,1.0
47690.3716044426,0.0
47691.435485839844,0.0
47692.49929523468,0.0
47693.46079325676,0.0
47693.90736269951,0.0
47694.95377254486,0.0
47756.1331114769,0.0
47757.288425683975,0.0
47758.37924909592,0.0
47759.458904743195,0.0
47760.54852128029,0.0
47761.59237074852,0.0
47762.70996236801,0.0
47763.80774927139,0.0
47764.90033745766,0.0
47765.979335308075,0.0
47767.07116699219,0.0
47768.17150950432,0.0
47769.2386367321,0.0
47770.281615018845,0.0
47771.35088157654,0.0
47772.41058278084,0.0
47773.49822497368,0.0
47774.59317064285,0.0
47775.68500351906,0.0
47776.77974510193,0.0
47777.83865261078,0.0
47778.93234157562,0.0
47780.035143613815,0.0
47781.119978904724,0.0
47782.21041369438,0.0
47783.30115199089,0.0
47784.38799405098,0.0
47785.46588039398,0.0
47786.509722948074,0.0
47787.605036735535,0.0
47788.68549609184,0.0
47789.76734113693,0.0
47790.836606264114,0.0
47791.928137779236,0.0
47793.008274555206,0.0
47794.05265402794,0.0
47795.15176773071,0.0
47796.22484588623,0.0
47797.28642654419,0.0
47798.3752553463,0.0
47799.45788192749,0.0
47800.536226034164,0.0
47801.6229660511,0.0
47802.67558050156,0.0
47803.74293208122,0.0
47804.83925366402,0.0
47805.934465408325,0.0
47807.00848650932,0.0
47808.09985136986,0.0
47809.26276707649,0.0
47810.35271239281,0.0
47811.45057463646,0.0
47812.52907729149,0.0
47813.61449074745,0.0
47814.69847917557,0.0
47815.52753543854,0.0
47816.61788868904,0.0
47817.69177913666,0.0
47818.75248026848,0.0
47819.82683086395,0.0
47820.06306171417,0.0
47821.144028663635,0.0
47822.218521595,0.0
47823.32032299042,0.0
47824.38531970978,0.0
47825.38416600227,0.0
47826.47980380058,0.0
47827.546581983566,0.0
47828.574426651,0.0
47829.4510641098,0.0
47830.54555153847,0.0
47831.5997736454,0.0
47832.67933344841,0.0
47833.76706266403,0.0
47834.85196638107,0.0
47835.93948721886,0.0
47836.993213653564,0.0
47838.047815561295,0.0
47839.13684821129,0.0
47840.22551560402,0.0
47841.30727458,0.0
47842.20410871506,0.0
47843.273951768875,0.0
47844.343430280685,0.0
47843.955273389816,0.0
47845.03649377823,0.0
47845.65630412102,0.0
47846.631554841995,0.0
47847.51735782623,0.0
47848.586674928665,0.0
47849.65400123596,0.0
47850.73420739174,0.0
47851.80859661102,0.0
47852.90284490585,0.0
47853.99469900131,0.0
47855.08500933647,0.0
47856.190261125565,0.0
47857.13862276077,0.0
47857.5865008831,0.0
47858.672026634216,0.0
47869.30311822891,0.0
47870.36811542511,0.0
47871.43421149254,0.0
47872.51913690567,0.0
47873.601435661316,0.0
47874.662994623184,0.0
47875.7394490242,0.0
47876.82378101349,0.0
47877.88316464424,0.0
47878.955432891846,0.0
47880.020371198654,0.0
47881.07923531532,0.0
47882.1619246006,0.0
47883.24370908737,0.0
47884.33174157143,0.0
47885.40792322159,0.0
47886.481415987015,0.0
47887.566709280014,0.0
47888.644082546234,0.0
47889.728014707565,0.0
47890.81342744827,0.0
47891.893775224686,0.0
47892.95845293999,0.0
47894.029587984085,0.0
47895.11129307747,0.0
47896.297590732574,1.0
47897.36728096008,0.0
47898.44645547867,0.0
47899.521295547485,0.0
47900.59435462952,0.0
47901.665799856186,0.0
47902.7508995533,0.0
47903.819299936295,0.0
47904.88863492012,0.0
47906.009687423706,0.0
47907.10448908806,0.0
47908.21234345436,0.0
47909.30977869034,0.0
47910.42074108124,0.0
47911.52399086952,0.0
47912.62510728836,0.0
47913.79202246666,0.0
47914.89664530754,0.0
47915.95434093475,0.0
47917.07504463196,0.0
47918.18277430534,0.0
47919.28605341911,0.0
47920.45301556587,0.0
47921.55062794685,0.0
47922.64781355858,0.0
47923.75996828079,0.0
47924.86294937134,0.0
47925.99640631676,0.0
47927.0963447094,0.0
47928.19843363762,0.0
47929.05779147148,0.0
47930.16479682922,0.0
47931.31558084488,0.0
47932.37570428848,0.0
47933.60405254364,0.0
47933.86081314087,0.0
47934.96687889099,0.0
47936.07342505455,0.0
47937.21561670303,0.0
47938.300177812576,0.0
47939.32284998894,0.0
47940.43274641037,0.0
47941.53357410431,0.0
47942.58511710167,0.0
47943.47325873375,0.0
47944.57561159134,0.0
47945.65318441391,0.0
47946.78060936928,0.0
47947.88196969032,0.0
47948.98476910591,0.0
47950.082272052765,0.0
47951.14585995674,0.0
47952.21934175491,0.0
47953.3169836998,0.0
47954.4144487381,0.0
47955.5241997242,0.0
47956.43873357773,0.0
47957.551493406296,0.0
47958.65454697609,0.0
47958.318872213364,0.0
47959.41345310211,0.0
47960.092171669006,0.0
47961.098368406296,0.0
47962.006996154785,0.0
47963.10439634323,0.0
47964.18805599213,0.0
47965.283843278885,0.0
47966.385790109634,0.0
47967.48763895035,0.0
47968.59332180023,0.0
47969.6955871582,0.0
47970.79500889778,0.0
47971.92850589752,0.0
47972.48852658272,0.0
47973.59116268158,0.0
48385.96844124794,0.0
48387.09627890587,0.0
48394.73200106621,0.0
48394.826348781586,0.0
48394.928337574005,0.0
48395.07935857773,0.0
48395.27660751343,0.0
48395.41176486015,0.0
48395.545830488205,0.0
48395.70826816559,0.0
48395.810007333755,0.0
48395.915905714035,0.0
48396.054662942886,0.0
48396.18003606796,0.0
48396.328122377396,0.0
48396.543437719345,0.0
48396.69062423706,0.0
48396.80998086929,0.0
48396.929295539856,0.0
48397.06096792221,0.0
48397.247156858444,0.0
48397.41710138321,0.0
48397.5271859169,0.0
48397.65703678131,0.0
48397.772741794586,0.0
48397.87518119812,0.0
48398.01414370537,0.0
48398.17582702637,0.0
48398.33323597908,0.0
48398.53024339676,0.0
48398.6330242157,0.0
48398.76096749306,0.0
48398.88027381897,0.0
48399.014926195145,0.0
48399.22107696533,0.0
48399.38687157631,0.0
48399.50109577179,0.0
48399.6024582386,0.0
48399.704919576645,0.0
48399.85543131828,0.0
48400.03652501106,0.0
48400.19277596474,0.0
48400.30912876129,0.0
48400.42290019989,0.0
48400.626185655594,0.0
48400.752136945724,0.0
48400.892359256744,0.0
48401.02682542801,0.0
48401.15773844719,0.0
48401.27609825134,0.0
48401.45977783203,0.0
48401.60083150864,0.0
48401.79464197159,0.0
48401.899785518646,0.0
48402.00190615654,0.0
48402.105070352554,0.0
48402.199456214905,0.0
48402.02196145058,0.0
48402.115396499634,0.0
48402.207604408264,0.0
48402.260724782944,0.0
48402.34539437294,0.0
48401.59360527992,0.0
48401.688096284866,0.0
48401.78322005272,0.0
48401.87984132767,0.0
48401.95596623421,0.0
48401.98468351364,0.0
48402.19520378113,0.0
48402.501391649246,0.0
48402.58358216286,0.0
48402.52151632309,0.0
48402.66935324669,0.0
48402.80679774284,0.0
48402.98424267769,0.0
48403.27794766426,0.0
48403.5235118866,0.0
48403.71165275574,0.0
48403.84270310402,0.0
48403.99953889847,0.0
48404.29256749153,0.0
48404.5439760685,0.0
48404.689487457275,0.0
48404.61451005936,0.0
48404.74626278877,0.0
48404.916105508804,0.0
48403.617805957794,0.0
48403.74269032478,0.0
48403.440866708755,0.0
48403.4491379261,0.0
48403.39430332184,0.0
48403.53225183487,0.0
48403.69680714607,0.0
48403.88641023636,0.0
48404.03395342827,0.0
48404.13698196411,0.0
48404.23644900322,0.0
48404.33449602127,0.0
48404.503707408905,0.0
48404.49803709984,0.0
48404.000423669815,0.0
48404.1348631382,0.0
48404.19170379639,0.0
48404.28778171539,0.0
48404.377698898315,0.0
48404.47340154648,0.0
48404.55795741081,0.0
48404.65587973595,0.0
48404.7765417099,0.0
48404.931180238724,0.0
48405.03613328934,0.0
48405.118258714676,0.0
48405.205515384674,0.0
48405.292021751404,0.0
48405.39050412178,0.0
48405.41286754608,0.0
48405.50861740112,0.0
48404.96937060356,0.0
48404.24250483513,0.0
48399.55660486221,0.0
48399.74820613861,0.0
48399.85819983482,0.0
48399.97593355179,0.0
48399.73845934868,0.0
48395.407985925674,0.0
48395.47731757164,0.0
48395.38971185684,0.0
48395.34486103058,0.0
48394.581924676895,0.0
48394.58536195755,0.0
48394.51942920685,0.0
48394.37989258766,0.0
48393.85510087013,0.0
48393.92966771126,0.0
48393.933812618256,0.0
48394.0556037426,0.0
48394.18073797226,0.0
48394.285499572754,0.0
48394.437883615494,0.0
48394.56781697273,0.0
48394.605905771255,0.0
48394.707894563675,0.0
48394.77258348465,0.0
48394.922425985336,0.0
48395.054904699326,0.0
48395.13131451607,0.0
48395.29145717621,0.0
48395.401480674744,0.0
48395.49986100197,0.0
48395.54864168167,0.0
48395.37904167175,0.0
48395.45341038704,0.0
48395.61317610741,0.0
48395.762855768204,0.0
48395.73547196388,0.0
48395.8652009964,0.0
48395.97175550461,0.0
48395.94607758522,0.0
48396.03520154953,0.0
48396.181354522705,0.0
48396.36061286926,0.0
48396.555146217346,0.0
48396.699986457825,0.0
48396.864859580994,0.0
48396.96236896515,0.0
48397.05255317688,0.0
48397.23346781731,0.0
48397.58842086792,0.0
48397.83004641533,0.0
48397.97790956497,0.0
48398.0914542675,0.0
48398.182369709015,0.0
48398.46444654465,0.0
48398.63076877594,0.0
48398.780754089355,0.0
48398.92852473259,0.0
48399.039904117584,0.0
48399.14097523689,0.0
48399.22455883026,0.0
48399.13510847092,0.0
48399.1646232605,0.0
48399.44463920593,0.0
48399.498521089554,0.0
48399.58557796478,0.0
48399.6197373867,0.0
48399.729393959045,0.0
48399.83043050766,0.0
48400.03652882576,0.0
48400.149631261826,0.0
48400.26665401459,0.0
48400.384571790695,0.0
48400.49373841286,0.0
48400.69372701645,0.0
48400.92865538597,0.0
48401.009175777435,0.0
48401.109189748764,0.0
48401.22854971886,0.0
48401.3342063427,0.0
48401.50128650665,0.0
48401.6052634716,0.0
48401.82381892204,0.0
48401.949039936066,0.0
48402.03697490692,0.0
48402.158729076385,0.0
48402.25438952446,0.0
48402.34921383858,0.0
48402.504199266434,0.0
48402.34874153137,0.0
48402.39314723015,0.0
48402.246769189835,0.0
48402.396648168564,0.0
48402.61707282066,0.0
48402.76300597191,0.0
48402.84796452522,0.0
48402.95350718498,0.0
48403.05719089508,0.0
48403.25514101982,0.0
48403.44201993942,0.0
48402.54646277428,0.0
48402.572467803955,0.0
48402.537509441376,0.0
48395.2565433979,0.0
48395.365619421005,0.0
48395.46933674812,0.0
48395.55806493759,0.0
48395.6548166275,0.0
48395.738681316376,0.0
48395.94803571701,0.0
46224.34222793579,0.0
46224.45635342598,0.0
46224.187500715256,0.0
45201.92866015434,0.0
43651.00040078163,0.0
43651.16758465767,0.0
43651.26784014702,0.0
43651.44533395767,0.0
43651.56540966034,0.0
43651.68046307564,0.0
43651.80537247658,0.0
43651.920629262924,0.0
43652.05542612076,0.0
43652.196346759796,0.0
43652.35947036743,0.0
43652.473706007004,0.0
31137.769824266434,0.0
31137.95405483246,0.0
30995.137753009796,0.0
30995.139481544495,0.0
30995.236360788345,0.0
30995.30166220665,0.0
30995.008026123047,0.0
30994.974709272385,0.0
30995.01777434349,0.0
30994.444591760635,0.0
30993.527848243713,0.0
25244.457889080048,0.0
25136.062914848328,0.0
25136.286810159683,0.0
18238.291544675827,0.0
18238.03408074379,0.0
18238.047600746155,0.0
18237.991086244583,0.0
18130.29173541069,0.0
18126.0754570961,0.0
18126.019169569016,0.0
18126.34415435791,0.0
18063.503025770187,0.0
18063.559736967087,0.0
18063.764484405518,0.0
18063.90164542198,0.0
18063.96865606308,0.0
18064.128705263138,0.0
18064.265750169754,0.0
18064.293267011642,0.0
18063.485295772552,0.0
18063.330233573914,0.0
17755.61073899269,0.0
13989.947489500046,0.0
13801.614216089249,0.0
13801.748351812363,0.0
13801.866829872131,0.0
13802.002120733261,0.0
13802.1623442173,0.0
13802.349006414413,0.0
13802.474242925644,0.0
13802.575984477997,0.0
13802.656222105026,0.0
13802.75423169136,0.0
13802.911308050156,0.0
13803.00387096405,0.0
13803.083196878433,0.0
13803.159825325012,0.0
13803.113429069519,0.0
13801.506296396255,0.0
13472.477150917053,0.0
13310.211128473282,0.0
13296.768744468689,0.0
13295.609255075455,0.0
12846.682994127274,0.0
11404.90931224823,0.0
11343.472984313965,0.0
11307.15539765358,0.0
10997.575361967087,0.0
10679.024803638458,0.0
10679.174220561981,0.0
10678.202149152756,0.0
10676.508177995682,0.0
10675.099161148071,0.0
10674.092180490494,0.0
10674.036186933517,0.0
10672.889064073563,0.0
9954.93679857254,0.0
9124.516127824783,0.0
9016.556332588196,0.0
8983.715582370758,0.0
8982.336421966553,0.0
7242.640485286713,0.0
4843.180021762848,0.0
3043.7711837291718,0.0
1899.6066761016846,0.0
1785.71754860878,0.0
1709.6718800067902,0.0
1708.5546317100525,0.0
1003.503669500351,0.0
958.6615509986877,0.0
919.2400560379028,0.0
893.5179624557495,0.0
880.990704536438,0.0
808.8190929889679,0.0
722.3951549530029,0.0
588.248988866806,0.0
576.9168558120728,0.0
576.8268258571625,0.0
439.9122133255005,0.0
394.3505880832672,0.0
383.9881534576416,0.0
378.22314834594727,0.0
375.10047793388367,0.0
318.863383769989,0.0
318.92203998565674,0.0
252.1782557964325,0.0
156.67292189598083,0.0
123.91310977935791,0.0
123.90247702598572,0.0
123.993985414505,0.0
124.09964394569397,0.0
124.19503211975098,0.0
124.28952097892761,0.0
124.38155031204224,0.0
124.5344488620758,0.0
124.63565135002136,0.0
124.73533821105957,0.0
124.82647180557251,0.0
124.93719792366028,0.0
125.0278594493866,0.0
125.16491532325745,0.0
125.33404994010925,0.0
125.43764686584473,0.0
125.60555505752563,0.0
125.84006714820862,0.0
110.0748987197876,0.0
90.21253561973572,0.0
70.48226189613342,0.0
59.138359785079956,0.0
59.186371088027954,0.0
48546.89203906059,0.0
48546.96871137619,0.0
48547.051862478256,0.0
48547.208475112915,0.0
48547.41918206215,0.0
48547.60985350609,0.0
48547.75955080986,0.0
48547.83733701706,0.0
48547.928825855255,0.0
48548.008949518204,0.0
48548.09560370445,0.0
48548.2285194397,0.0
48548.359847545624,0.0
48548.47918510437,0.0
48548.571251392365,0.0
48548.66985821724,0.0
48548.76412129402,0.0
48548.84609222412,0.0
48548.96503853798,0.0
48549.04548454285,0.0
48549.21845006943,0.0
48549.31935811043,0.0
48549.446117162704,0.0
48549.57803273201,0.0
48549.65727901459,0.0
48549.74124741554,0.0
48549.830038547516,0.0
48549.92275881767,0.0
48550.00823497772,0.0
48550.09403014183,0.0
48550.215344429016,0.0
48550.305307388306,0.0
48550.393394470215,0.0
48550.540424108505,0.0
48550.6698744297,0.0
48550.83082938194,0.0
48551.07311463356,0.0
48551.26440000534,0.0
48551.4133079052,0.0
48551.61050200462,0.0
48551.741265535355,0.0
48551.99372243881,0.0
48552.15626788139,0.0
48552.23445892334,0.0
48552.367487192154,0.0
48552.49202775955,0.0
48552.68385434151,0.0
48552.84794998169,0.0
48552.99086666107,0.0
48553.111771821976,0.0
48553.230571985245,0.0
48553.3533372879,0.0
48553.63132762909,0.0
48553.7813744545,0.0
48553.899582862854,0.0
48553.7332072258,0.0
48553.82665872574,0.0
48553.95614528656,0.0
48554.08762335777,0.0
48554.376596689224,0.0
48553.66141176224,0.0
48553.78147816658,0.0
48553.91562747955,0.0
48554.08737945557,0.0
48554.24706482887,0.0
48554.326368808746,0.0
48554.44624567032,0.0
48554.57906937599,0.0
48554.66600584984,0.0
48554.61040520668,0.0
48554.810472011566,0.0
48554.96352100372,0.0
48555.14254117012,0.0
48555.30859994888,0.0
48555.41382026672,0.0
48555.50011444092,0.0
48555.70214557648,0.0
48555.90599822998,0.0
48556.0619559288,0.0
48556.22973942757,0.0
48556.35915875435,0.0
48556.33564567566,0.0
48556.45860862732,0.0
48556.548090696335,0.0
48555.184733867645,0.0
48555.26257395744,0.0
48554.905432224274,0.0
48554.89385724068,0.0
48554.777426958084,0.0
48554.85573720932,0.0
48554.93692731857,0.0
48555.01776480675,0.0
48555.10326886177,0.0
48555.18188524246,0.0
48555.266735076904,0.0
48555.35383272171,0.0
48555.43395161629,0.0
48555.395414114,0.0
48554.84693312645,0.0
48554.951613903046,0.0
48555.046875,0.0
48555.13315153122,0.0
48555.21053338051,0.0
48555.29597592354,0.0
48555.377681970596,0.0
48555.537923812866,0.0
48555.76187419891,0.0
48556.000871658325,0.0
48556.17704105377,0.0
48556.439408540726,0.0
48556.656928539276,0.0
48556.80547428131,0.0
48557.01622962952,0.0
48557.36246061325,0.0
48557.55821585655,0.0
48557.03226304054,0.0
48556.34219574928,0.0
48551.64032268524,0.0
48551.73058247566,0.0
48551.80572748184,0.0
48551.88457298279,0.0
48551.619174957275,0.0
48547.29291343689,0.0
48547.332755327225,0.0
48547.278061151505,0.0
48547.254039764404,0.0
48546.47195863724,0.0
48546.60317373276,0.0
48546.58009624481,0.0
48546.414977788925,0.0
48545.921800374985,0.0
48546.01182794571,0.0
48545.95958733559,0.0
48546.05413198471,0.0
48546.29430890083,0.0
48546.43474149704,0.0
48546.641641139984,0.0
48546.72039151192,0.0
48546.71557354927,0.0
48546.819886922836,0.0
48546.99917912483,0.0
48547.23047184944,0.0
48547.38787460327,0.0
48547.41177821159,0.0
48547.53426861763,0.0
48547.647636413574,0.0
48547.837500572205,0.0
48547.98266816139,0.0
48547.85617661476,0.0
48547.914645433426,0.0
48548.07028675079,0.0
48548.34098863602,0.0
48548.38372039795,0.0
48548.473515987396,0.0
48548.58452820778,0.0
48548.5480966568,0.0
48548.8083152771,0.0
48548.92425084114,0.0
48549.01553106308,0.0
48549.115607738495,0.0
48549.22341799736,0.0
48549.33818745613,0.0
48549.43162870407,0.0
48549.62768125534,0.0
48549.73041319847,0.0
48549.817296504974,0.0
48549.88680815697,0.0
48550.02487683296,0.0
48550.196662425995,0.0
48550.259343624115,0.0
48550.36763095856,0.0
48550.48714470863,0.0
48550.54118394852,0.0
48550.66763710976,0.0
48550.850464344025,0.0
48550.98228096962,0.0
48551.05252575874,0.0
48550.953717947006,0.0
48550.94977068901,0.0
48551.15289354324,0.0
48551.14815378189,0.0
48551.33652806282,0.0
48551.386049985886,0.0
48551.511392593384,0.0
48551.64621710777,0.0
48551.82530546188,0.0
48552.04719376564,0.0
48552.162955760956,0.0
48552.3201611042,0.0
48552.50174283981,0.0
48552.65990781784,0.0
48552.74695801735,0.0
48552.75233411789,0.0
48552.802116155624,0.0
48552.92810130119,0.0
48553.09003782272,0.0
48553.17536902428,0.0
48553.26080465317,0.0
48553.3288936615,0.0
48553.41791653633,0.0
48553.606676101685,0.0
48553.721277952194,0.0
48553.81653499603,0.0
48553.889825582504,0.0
48553.92930817604,0.0
48553.60402798653,0.0
48553.590421915054,0.0
48553.412212610245,0.0
48553.50987839699,0.0
48553.70704960823,0.0
48553.94377064705,0.0
48554.08724308014,0.0
48554.17593455315,0.0
48554.27099895477,0.0
48554.38813638687,0.0
48554.480504989624,0.0
48553.581959724426,0.0
48553.71457052231,0.0
48553.746898174286,0.0
48546.49057006836,0.0
48546.635924100876,0.0
48546.818623542786,0.0
48547.04623699188,0.0
48547.425453186035,0.0
48547.49412512779,0.0
48547.64436626434,0.0
46376.01083898544,0.0
46376.190524578094,0.0
46376.04704928398,0.0
45353.923157930374,0.0
43803.10163450241,0.0
43803.18942308426,0.0
43803.297830581665,0.0
43803.438868284225,0.0
43803.62592077255,0.0
43803.8393304348,0.0
43804.01554656029,0.0
43804.10820269585,0.0
43804.23916697502,0.0
43804.358142614365,0.0
43804.54546928406,0.0
43804.79238986969,0.0
31290.098112344742,0.0
31290.239275217056,0.0
31147.375930309296,0.0
31147.34277534485,0.0
31147.425545692444,0.0
31147.47905230522,0.0
31147.16791677475,0.0
31147.211223840714,0.0
31147.30351805687,0.0
31146.871427059174,0.0
31145.940843820572,0.0
25396.87215232849,0.0
25288.430204868317,0.0
25288.461401224136,0.0
18390.474019050598,0.0
18390.252945184708,0.0
18390.20042324066,0.0
18390.069666147232,0.0
18282.232274770737,0.0
18277.902209043503,0.0
18277.81715965271,0.0
18278.07353401184,0.0
18215.2679438591,0.0
18215.402052879333,0.0
18215.576172590256,0.0
18215.67907190323,0.0
18215.754639148712,0.0
18215.87885451317,0.0
18215.98717021942,0.0
18216.067296743393,0.0
18215.28521132469,0.0
18215.150445222855,0.0
17907.40312552452,0.0
14141.679141759872,0.0
13953.401058912277,0.0
13953.532984256744,0.0
13953.649255752563,0.0
13953.806110143661,0.0
13953.99723982811,0.0
13954.167521953583,0.0
13954.321786403656,0.0
13954.46788573265,0.0
13954.54701423645,0.0
13954.68920493126,0.0
13954.894614696503,0.0
13955.039633274078,0.0
13955.14397740364,0.0
13955.234328746796,0.0
13955.25295829773,0.0
13953.540656328201,0.0
13624.497906446457,0.0
13462.25146150589,0.0
13448.795273780823,0.0
13447.65552687645,0.0
12998.723123550415,0.0
11556.992336273193,0.0
11495.621323108673,0.0
11459.31842136383,0.0
11149.82065820694,0.0
10831.279047250748,0.0
10831.41638803482,0.0
10830.4728038311,0.0
10828.898622989655,0.0
10827.598168373108,0.0
10826.650552749634,0.0
10826.625266551971,0.0
10825.53332066536,0.0
10107.535783529282,0.0
9277.136000394821,0.0
9169.14302444458,0.0
9136.21976852417,0.0
9134.66998887062,0.0
7394.883179664612,0.0
4995.342412948608,0.0
3195.9138548374176,0.0
2051.7713463306427,0.0
1937.870590686798,0.0
1861.7328736782074,0.0
1860.6127338409424,0.0
1155.5442190170288,0.0
1110.6709702014923,0.0
1071.234414100647,0.0
1045.6021995544434,0.0
1033.1431245803833,0.0
961.1752429008484,0.0
874.8287477493286,0.0
740.8797473907471,0.0
729.6068644523621,0.0
729.534471988678,0.0
592.5532371997833,0.0
546.9076709747314,0.0
536.5213119983673,0.0
530.7619495391846,0.0
527.585697889328,0.0
471.34048771858215,0.0
471.3372619152069,0.0
309.02198576927185,0.0
260.10174345970154,0.0
240.21174311637878,0.0
220.35482144355774,0.0
155.16408705711365,0.0
123.26819109916687,0.0
118.74305200576782,0.0
96.4466986656189,0.0
96.58708596229553,0.0
96.7302598953247,0.0
96.83653569221497,0.0
97.10268926620483,10888.5
97.30148363113403,0.0
97.45617485046387,0.0
97.57574653625488,0.0
97.68791937828064,0.0
97.9064474105835,0.0
98.09779667854309,0.0
98.20780205726624,0.0
98.31773114204407,0.0
98.45008993148804,0.0
98.56041073799133,0.0
98.69907760620117,0.0
98.86318969726562,0.0
98.9932963848114,0.0
61.734577655792236,0.0
59.22429943084717,0.0
58.98020625114441,0.0
59.01204752922058,0.0
54.597516775131226,0.0
48619.71817064285,0.0
48619.816319942474,0.0
48620.120666503906,0.0
48691.79720401764,0.0
48691.8456633091,0.0
48691.90304541588,0.0
48691.976818561554,0.0
48692.041479349136,0.0
48692.11414170265,0.0
48692.19368004799,0.0
48692.25007581711,0.0
48692.31022953987,0.0
48692.39407277107,0.0
48692.46953034401,0.0
48692.55037689209,0.0
48692.6183013916,0.0
48692.67991709709,0.0
48692.73656463623,0.0
48692.79120063782,0.0
48692.86807990074,0.0
48692.93221497536,0.0
48692.98909878731,0.0
48693.058352947235,0.0
48693.11446762085,0.0
48693.17799162865,0.0
48693.24306702614,0.0
48693.30700826645,0.0
48693.365109443665,0.0
48693.42934012413,0.0
48693.512028217316,0.0
48693.59016132355,0.0
48693.66469669342,0.0
48693.717633247375,0.0
48693.77685928345,0.0
48693.817227602005,0.0
48693.86986041069,0.0
48693.92738747597,0.0
48693.99152827263,0.0
48694.04631328583,0.0
48694.10574245453,0.0
48694.15801000595,0.0
48694.2152762413,0.0
48694.277240514755,0.0
48694.35415959358,0.0
48694.41261386871,0.0
48694.46990823746,0.0
48694.48374271393,0.0
48694.545270204544,0.0
48694.599593400955,0.0
48694.669421195984,0.0
48694.7421746254,0.0
48694.81675672531,0.0
48694.8828356266,0.0
48694.927124500275,0.0
48694.97000622749,0.0
48695.03283286095,0.0
48695.10666537285,0.0
48695.16964054108,0.0
48694.96063041687,0.0
48695.021681308746,0.0
48695.075103759766,0.0
48695.09970378876,0.0
48695.15249085426,0.0
48694.362330913544,0.0
48694.41174197197,0.0
48694.46263194084,0.0
48694.522112846375,0.0
48694.556577682495,0.0
48694.53192281723,0.0
48694.57686877251,0.0
48694.62842321396,0.0
48694.62464785576,0.0
48694.45864081383,0.0
48694.5004761219,0.0
48694.51141309738,0.0
48694.55307483673,0.0
48694.59347677231,0.0
48694.63714528084,0.0
48694.69211316109,0.0
48694.725279569626,0.0
48694.76564288139,0.0
48694.82429385185,0.0
48694.88755226135,0.0
48694.93705487251,0.0
48694.8151204586,0.0
48694.86586523056,0.0
48694.92156171799,0.0
48693.52797269821,0.0
48693.58542847633,0.0
48693.21396636963,0.0
48693.19559574127,0.0
48693.062614917755,0.0
48693.11091327667,0.0
48693.148908376694,0.0
48693.19971728325,0.0
48693.25255918503,0.0
48693.30968165398,0.0
48693.374859809875,0.0
48693.43314576149,0.0
48693.48994803429,0.0
48693.43603658676,0.0
48692.857635974884,0.0
48692.915437698364,0.0
48692.93895101547,0.0
48693.0047352314,0.0
48693.06150102615,0.0
48693.11931371689,0.0
48693.17205619812,0.0
48693.227346897125,0.0
48693.29495239258,0.0
48693.35922122002,0.0
48693.414338588715,0.0
48693.45746302605,0.0
48693.5091779232,0.0
48693.47348570824,0.0
48693.52974438667,0.0
48693.51498365402,0.0
48693.569823503494,0.0
48692.99307990074,0.0
48692.19698381424,0.0
48687.43968844414,0.0
48687.48697710037,0.0
48687.52275300026,0.0
48687.545238018036,0.0
48687.22355437279,0.0
48682.82766079903,0.0
48682.8056101799,0.0
48682.650529146194,0.0
48682.54232239723,0.0
48681.69027638435,0.0
48681.65512013435,0.0
48681.519881248474,0.0
48681.30688738823,0.0
48680.70767784119,0.0
48680.67759847641,0.0
48680.549904584885,0.0
48680.57116270065,0.0
48680.63015127182,0.0
48680.69551110268,0.0
48680.76692032814,0.0
48680.79262280464,0.0
48680.73918676376,0.0
48680.823098659515,0.0
48680.86108803749,0.0
48680.93297433853,0.0
48681.00193357468,0.0
48680.957295656204,0.0
48681.00051808357,0.0
48681.06812930107,0.0
48681.14643597603,0.0
48681.133293151855,0.0
48680.91765451431,0.0
48680.93114423752,0.0
48680.99702620506,0.0
48681.060762643814,0.0
48680.977865219116,0.0
48681.03748512268,0.0
48681.091254234314,0.0
48681.02049970627,0.0
48681.06726002693,0.0
48681.13180041313,0.0
48681.19221639633,0.0
48681.24835562706,0.0
48681.32036137581,0.0
48681.39451599121,0.0
48681.41494894028,0.0
48681.464221954346,0.0
48681.547109127045,0.0
48681.61903095245,0.0
48681.67947459221,0.0
48681.7772192955,0.0
48681.86445784569,0.0
48681.89586353302,0.0
48681.96538376808,0.0
48682.03820705414,0.0
48682.077986717224,0.0
48682.163657188416,0.0
48682.25235700607,0.0
48682.31784081459,0.0
48682.38033723831,0.0
48682.274590969086,0.0
48682.27315235138,0.0
48682.358939409256,0.0
48682.32162427902,0.0
48682.37229967117,0.0
48682.36373758316,0.0
48682.412996053696,0.0
48682.48059272766,0.0
48682.55524349213,0.0
48682.62604761124,0.0
48682.697449445724,0.0
48682.765635252,0.0
48682.85084652901,0.0
48682.9238550663,0.0
48682.9929394722,0.0
48682.98740649223,0.0
48683.04172825813,0.0
48683.1058716774,0.0
48683.19932222366,0.0
48683.27083134651,0.0
48683.34061741829,0.0
48683.410304546356,0.0
48683.48588657379,0.0
48683.55292773247,0.0
48683.62542796135,0.0
48683.69152235985,0.0
48683.73530673981,0.0
48683.76762318611,0.0
48683.43487358093,0.0
48683.40443754196,0.0
48683.217977285385,0.0
48683.292251586914,0.0
48683.36399912834,0.0
48683.435071229935,0.0
48683.49279618263,0.0
48683.58777165413,0.0
48683.635805130005,0.0
48683.721502542496,0.0
48683.79901909828,0.0
48682.82668042183,0.0
48682.823457717896,0.0
48682.74468231201,0.0
48675.36123466492,0.0
48675.38759446144,0.0
48675.44865489006,0.0
48675.51304602623,0.0
48675.57268977165,0.0
48675.58374094963,0.0
48675.642325639725,0.0
46503.929839372635,0.0
46503.98525762558,0.0
46503.67296075821,0.0
45481.37915992737,0.0
43930.42104244232,0.0
43930.49834752083,0.0
43930.57213950157,0.0
43930.64352440834,0.0
43930.71817827225,0.0
43930.79056715965,0.0
43930.87978863716,0.0
43930.97148704529,0.0
43931.056968688965,0.0
43931.144429922104,0.0
43931.23015546799,0.0
43931.36376166344,0.0
31416.579833745956,0.0
31416.658410310745,0.0
31273.77595257759,0.0
31273.7247300148,0.0
31273.806154966354,0.0
31273.856994390488,0.0
31273.55207157135,0.0
31273.499027490616,0.0
31273.5339615345,0.0
31272.937619447708,0.0
31271.983232975006,0.0
25522.8822350502,0.0
25414.441584587097,0.0
25414.451202630997,0.0
18516.278198242188,0.0
18515.898510217667,0.0
18515.797105312347,0.0
18515.605670928955,0.0
18407.697214365005,0.0
18403.31738948822,0.0
18403.14605164528,0.0
18403.190113067627,0.0
18340.213730335236,0.0
18340.2363011837,0.0
18340.300269126892,0.0
18340.345047712326,0.0
18340.316103458405,0.0
18340.31378674507,0.0
18340.313338518143,0.0
18340.290276288986,0.0
18339.426775932312,0.0
18339.186977624893,0.0
18031.29112625122,0.0
14265.47742986679,0.0
14077.107830286026,0.0
14077.178584814072,0.0
14077.248950004578,0.0
14077.316535711288,0.0
14077.352869033813,0.0
14077.42702460289,0.0
14077.50722026825,0.0
14077.583469629288,0.0
14077.640748262405,0.0
14077.635598182678,0.0
14077.71224284172,0.0
14077.771155118942,0.0
14077.81950378418,0.0
14077.856458902359,0.0
14077.771034479141,0.0
14075.995503902435,0.0
13746.829354047775,0.0
13584.478667974472,0.0
13570.960473775864,0.0
13569.736536026001,0.0
13120.745171546936,0.0
11678.949879407883,0.0
11617.464188098907,0.0
11581.09224152565,0.0
11271.458584070206,0.0
10952.832556247711,0.0
10952.907675743103,0.0
10951.922128677368,0.0
10950.18116402626,0.0
10948.74690747261,0.0
10947.707758665085,0.0
10947.618046760559,0.0
10946.43362736702,0.0
10228.390736341476,0.0
9397.887216329575,0.0
9289.836027383804,0.0
9256.892990350723,0.0
9255.322531223297,0.0
7515.516741514206,0.0
5115.962104797363,0.0
3316.4464106559753,0.0
2172.220881462097,0.0
2058.284135580063,0.0
1982.1191070079803,0.0
1980.9654071331024,0.0
1230.7788846492767,0.0
1191.2552733421326,0.0
1165.474323272705,0.0
1152.8431658744812,0.0
994.0665695667267,0.0
859.9027986526489,0.0
848.3493804931641,0.0
711.3322763442993,0.0
665.6545763015747,0.0
655.2559764385223,0.0
649.4889490604401,0.0
646.331996679306,0.0
590.0503416061401,0.0
590.0480275154114,0.0
427.6869258880615,0.0
378.7158877849579,0.0
358.7965040206909,0.0
338.91796255111694,0.0
273.6825532913208,0.0
241.63835167884827,0.0
236.96370673179626,0.0
177.00936245918274,0.0
174.44464087486267,0.0
169.4275677204132,0.0
133.2313642501831,0.0
101.11560559272766,0.0
62.2157187461853,0.0
32.17762732505798,0.0
27.083722829818726,0.0
27.097551822662354,0.0
48812.49879360199,0.0
48812.56429767609,0.0
48812.65693616867,0.0
48812.73017954826,0.0
48812.797981500626,0.0
48812.87461042404,0.0
48812.95022702217,0.0
48813.030415296555,0.0
48813.11398458481,0.0
48813.177191734314,0.0
48813.24774861336,0.0
48813.316613435745,0.0
48813.396827459335,0.0
48813.46937537193,0.0
48813.54656815529,0.0
48813.61583018303,0.0
48813.68143582344,0.0
48813.750296115875,0.0
48813.814250707626,0.0
48813.895800828934,0.0
48813.96193242073,0.0
48814.020021915436,0.0
48814.0832028389,0.0
48814.139193058014,0.0
48814.22643113136,0.0
48814.32089591026,0.0
48814.403411626816,0.0
48814.47218585014,0.0
48814.54097390175,0.0
48814.606607437134,0.0
48814.66542172432,0.0
48814.71794962883,0.0
48814.78625750542,0.0
48814.86193561554,0.0
48814.941301345825,0.0
48815.01705813408,0.0
48815.08274912834,0.0
48815.15527486801,0.0
48815.22737503052,0.0
48815.292019844055,0.0
48815.35146164894,0.0
48815.41456365585,0.0
48815.48318004608,0.0
48815.502621650696,0.0
48815.58295631409,0.0
48815.64445257187,0.0
48815.71572804451,0.0
48815.78130912781,0.0
48815.86143255234,0.0
48815.95069050789,0.0
48816.024985313416,0.0
48816.084943294525,0.0
48816.15516161919,0.0
48816.22817993164,0.0
48816.28928899765,0.0
48816.08618068695,0.0
48816.14657330513,0.0
48816.2109310627,0.0
48816.24151301384,0.0
48816.305134058,0.0
48815.519298791885,0.0
48815.59125709534,0.0
48815.66126346588,0.0
48815.7262365818,0.0
48815.77595615387,0.0
48815.759677410126,0.0
48815.836027383804,0.0
48815.912212610245,0.0
48815.92475152016,0.0
48815.76915931702,0.0
48815.818641901016,0.0
48815.84169483185,0.0
48815.897339105606,0.0
48815.9480881691,0.0
48815.9923183918,0.0
48816.045216560364,0.0
48816.067032814026,0.0
48816.11037540436,0.0
48816.179852962494,0.0
48816.24307894707,0.0
48816.305480480194,0.0
48816.188020944595,0.0
48816.25549650192,0.0
48816.311871528625,0.0
48814.916850566864,0.0
48814.96660041809,0.0
48814.59082818031,0.0
48814.55014228821,0.0
48814.403285741806,0.0
48814.459877967834,0.0
48814.51946282387,0.0
48814.57927274704,0.0
48814.65442419052,0.0
48814.721319913864,0.0
48814.80140709877,0.0
48814.8679792881,0.0
48814.93381166458,0.0
48814.88531088829,0.0
48814.34037590027,0.0
48814.422781944275,0.0
48814.44922375679,0.0
48814.520874500275,0.0
48814.58504152298,0.0
48814.652344703674,0.0
48814.70722699165,0.0
48814.765553712845,0.0
48814.83135390282,0.0
48814.89754486084,0.0
48814.96288204193,0.0
48815.004688978195,0.0
48815.0592956543,0.0
48815.044505119324,0.0
48815.10760188103,0.0
48815.10808968544,0.0
48815.16741538048,0.0
48814.58043599129,0.0
48813.79159736633,0.0
48809.06954073906,0.0
48809.14322304726,0.0
48809.19677710533,0.0
48809.238595962524,0.0
48808.933782339096,0.0
48804.55364704132,0.0
48804.55037856102,0.0
48804.40011835098,0.0
48804.30547404289,0.0
48803.46499156952,0.0
48803.45131778717,0.0
48803.347994327545,0.0
48803.147097826004,0.0
48802.55629324913,0.0
48802.52189230919,0.0
48802.402087688446,0.0
48802.43270635605,0.0
48802.503029346466,0.0
48802.57915401459,0.0
48802.65873885155,0.0
48802.695287942886,0.0
48802.65593314171,0.0
48802.7364089489,0.0
48802.77275133133,0.0
48802.83786582947,0.0
48802.91798830032,0.0
48802.867391586304,0.0
48802.907361269,0.0
48802.96454620361,0.0
48803.00958752632,0.0
48802.96866822243,0.0
48802.749004125595,0.0
48802.75597000122,0.0
48802.80642390251,0.0
48802.85608005524,0.0
48802.75689911842,0.0
48802.818706035614,0.0
48802.89106345177,0.0
48802.825585603714,0.0
48802.86824440956,0.0
48802.948464393616,0.0
48803.02828502655,0.0
48803.07286810875,0.0
48803.13106250763,0.0
48803.19787788391,0.0
48803.223225831985,0.0
48803.26040530205,0.0
48803.314985990524,0.0
48803.367933511734,0.0
48803.40820503235,0.0
48803.470564842224,0.0
48803.50997567177,0.0
48803.5002682209,0.0
48803.546150922775,0.0
48803.590121269226,0.0
48803.58197617531,0.0
48803.63045144081,0.0
48803.68600988388,0.0
48803.71329164505,0.0
48803.75894236565,0.0
48803.62969183922,0.0
48803.59807062149,0.0
48803.67024564743,0.0
48803.62417268753,0.0
48803.66102719307,0.0
48803.63761496544,0.0
48803.68660879135,0.0
48803.746663331985,0.0
48803.821060180664,0.0
48803.91207098961,0.0
48803.98933792114,0.0
48804.062153339386,0.0
48804.15857672691,0.0
48804.24818277359,0.0
48804.309010744095,0.0
48804.29146718979,0.0
48804.321857213974,0.0
48804.37048077583,0.0
48804.441091775894,0.0
48804.523450136185,0.0
48804.58764719963,0.0
48804.6439435482,0.0
48804.71107029915,0.0
48804.77836537361,0.0
48804.84418010712,0.0
48804.900126457214,0.0
48804.95003771782,0.0
48804.9833881855,0.0
48804.639159202576,0.0
48804.60868883133,0.0
48804.414034605026,0.0
48804.480370521545,0.0
48804.553493499756,0.0
48804.61786985397,0.0
48804.665892124176,0.0
48804.72851920128,0.0
48804.76697587967,0.0
48804.807785987854,0.0
48804.86403751373,0.0
48803.8862528801,0.0
48803.87784767151,0.0
48803.79110240936,0.0
48796.40172743797,0.0
48796.42688894272,0.0
48796.488542079926,0.0
48796.55381131172,0.0
48796.60972738266,0.0
48796.63940382004,0.0
48796.70699930191,0.0
46625.01355552673,0.0
46625.077600479126,0.0
46624.76688671112,0.0
45602.47985339165,0.0
44051.526733875275,0.0
44051.60397720337,0.0
44051.67495393753,0.0
44051.74336671829,0.0
44051.80240559578,0.0
44051.868206739426,0.0
44051.94383430481,0.0
44052.008620262146,0.0
44052.066700696945,0.0
44052.12897324562,0.0
44052.20020580292,0.0
44052.26929354668,0.0
31537.47188973427,0.0
31537.528096675873,0.0
31394.613703489304,0.0
31394.533149957657,0.0
31394.57089495659,0.0
31394.583025455475,0.0
31394.23731994629,0.0
31394.164544820786,0.0
31394.190468788147,0.0
31393.595454454422,0.0
31392.63703727722,0.0
25643.538094758987,0.0
25535.073537111282,0.0
25535.069355487823,0.0
18636.89526605606,0.0
18636.510036468506,0.0
18636.402297496796,0.0
18636.203339099884,0.0
18528.296541690826,0.0
18523.904871225357,0.0
18523.7284553051,0.0
18523.786433935165,0.0
18460.83457016945,0.0
18460.84094429016,0.0
18460.901782989502,0.0
18460.957679748535,0.0
18460.929778814316,0.0
18460.914051294327,0.0
18460.90992450714,0.0
18460.887629032135,0.0
18460.020800828934,0.0
18459.779792308807,0.0
18151.874732255936,0.0
14386.054628610611,0.0
14197.677650928497,0.0
14197.744952440262,0.0
14197.814859628677,0.0
14197.89844083786,0.0
14197.95176744461,0.0
14198.021689653397,0.0
14198.103050470352,0.0
14198.170195102692,0.0
14198.215746879578,0.0
14198.188167333603,0.0
14198.26138329506,0.0
14198.282810688019,0.0
14198.307338237762,0.0
14198.35003566742,0.0
14198.266376018524,0.0
14196.498274564743,0.0
13867.336486816406,0.0
13704.97823190689,0.0
13691.45405626297,0.0
13690.226155757904,0.0
13241.232960939407,0.0
11799.44025683403,0.0
11737.9595849514,0.0
11701.584644556046,0.0
11391.951714277267,0.0
11073.3415350914,0.0
11073.401857852936,0.0
11072.390257835388,0.0
11070.644924640656,0.0
11069.202880382538,0.0
11068.173862457275,0.0
11068.098041296005,0.0
11066.933910369873,0.0
10348.902980566025,0.0
9518.414536952972,0.0
9410.377816438675,0.0
9377.444363355637,0.0
9375.88514304161,0.0
5236.481627225876,0.0
3436.965488433838,0.0
2292.7486448287964,0.0
2102.600841283798,0.0
2101.441302537918,0.0
1351.2803275585175,0.0
1311.7729930877686,0.0
1286.008143901825,0.0
1273.405389547348,0.0
1114.65505361557,0.0
980.4672863483429,0.0
968.8985016345978,0.0
831.8825039863586,0.0
786.1964728832245,0.0
775.7950842380524,0.0
770.0014851093292,0.0
710.4417378902435,0.0
710.4067108631134,0.0
548.0197057723999,0.0
499.03919887542725,0.0
479.09565234184265,0.0
459.204642534256,0.0
393.96005845069885,0.0
361.9217219352722,0.0
357.25688791275024,0.0
297.31637144088745,0.0
294.7735378742218,0.0
289.77947640419006,0.0
253.60879707336426,0.0
221.52024674415588,0.0
182.6322910785675,0.0
152.6090829372406,0.0
68.61540150642395,0.0
29.23960566520691,0.0
27.61623978614807,0.0
27.64001178741455,0.0
48861.67549490929,0.0
48861.74188089371,0.0
48861.833104133606,0.0
48861.93282985687,0.0
48862.01608133316,0.0
48862.104679346085,0.0
48862.19634127617,0.0
48862.26477050781,0.0
48862.3312728405,0.0
48862.39675736427,0.0
48862.49056696892,0.0
48862.568685770035,0.0
48862.65029859543,0.0
48862.7220890522,0.0
48862.788527965546,0.0
48862.87568974495,0.0
48862.95975399017,0.0
48863.038311719894,0.0
48863.11961889267,0.0
48863.209139585495,0.0
48863.29967427254,0.0
48863.3932967186,0.0
48863.48218178749,0.0
48863.56222176552,0.0
48863.64034509659,0.0
48863.71835947037,0.0
48863.8052508831,0.0
48863.88784098625,0.0
48863.95803642273,0.0
48864.03763842583,0.0
48864.11053395271,0.0
48864.15888643265,0.0
48864.217294216156,0.0
48864.30512428284,0.0
48864.37168383598,0.0
48864.43484854698,0.0
48864.505187511444,0.0
48864.57125520706,0.0
48864.638420820236,0.0
48864.71840047836,0.0
48864.79992365837,0.0
48864.88103580475,0.0
48864.960530519485,0.0
48864.9870493412,0.0
48865.0632185936,0.0
48865.13943243027,0.0
48865.20708370209,0.0
48865.26923561096,0.0
48865.35146403313,0.0
48865.45186948776,0.0
48865.544104099274,0.0
48865.62709283829,0.0
48865.705864191055,0.0
48865.78805947304,0.0
48865.857038259506,0.0
48865.6810336113,0.0
48865.76853227615,0.0
48865.85006952286,0.0
48865.889164209366,0.0
48865.94805788994,0.0
48865.16482925415,0.0
48865.251252412796,0.0
48865.33060646057,0.0
48865.4069108963,0.0
48865.44501042366,0.0
48865.44425988197,0.0
48865.511098861694,0.0
48865.58995223045,0.0
48865.613985061646,0.0
48865.47005581856,0.0
48865.53384280205,0.0
48865.57690286636,0.0
48865.65439772606,0.0
48865.73296356201,0.0
48865.81245470047,0.0
48865.89208030701,0.0
48865.93482065201,0.0
48865.986187934875,0.0
48866.074256420135,0.0
48866.154339790344,0.0
48866.22072386742,0.0
48866.09549021721,0.0
48866.17037606239,0.0
48866.24298286438,0.0
48864.86197638512,0.0
48864.92264533043,0.0
48864.545275211334,0.0
48864.516454696655,0.0
48864.37546181679,0.0
48864.4537191391,0.0
48864.522690057755,0.0
48864.5825445652,0.0
48864.64065694809,0.0
48864.709018945694,0.0
48864.77913022041,0.0
48864.85471534729,0.0
48864.94532036781,0.0
48864.90699625015,0.0
48864.34697961807,0.0
48864.43998861313,0.0
48864.48444867134,0.0
48864.55262470245,0.0
48864.60872769356,0.0
48864.68754243851,0.0
48864.75699400902,0.0
48864.83269882202,0.0
48864.92410206795,0.0
48865.02259850502,0.0
48865.11187672615,0.0
48865.161296606064,0.0
48865.21047973633,0.0
48865.19816470146,0.0
48865.25918149948,0.0
48865.26462626457,0.0
48865.32809853554,0.0
48864.75029993057,0.0
48863.97427916527,0.0
48859.23811197281,0.0
48859.29136013985,0.0
48859.33304333687,0.0
48859.36816525459,0.0
48859.06461405754,0.0
48854.65422010422,0.0
48854.62676715851,0.0
48854.469960451126,0.0
48854.394213438034,0.0
48853.56800818443,0.0
48853.543117046356,0.0
48853.42685127258,0.0
48853.24260497093,0.0
48852.65554404259,0.0
48852.62379908562,0.0
48852.52003264427,0.0
48852.55537724495,0.0
48852.63388586044,0.0
48852.71253442764,0.0
48852.78104352951,0.0
48852.78829789162,0.0
48852.71625614166,0.0
48852.78640985489,0.0
48852.80501317978,0.0
48852.859159469604,0.0
48852.928963661194,0.0
48852.88375544548,0.0
48852.935341119766,0.0
48853.00569701195,0.0
48853.06559443474,0.0
48853.02784371376,0.0
48852.80554151535,0.0
48852.80615568161,0.0
48852.86420297623,0.0
48852.91747164726,0.0
48852.82172822952,0.0
48852.875638246536,0.0
48852.92174625397,0.0
48852.84752988815,0.0
48852.89800167084,0.0
48852.95508599281,0.0
48853.02815532684,0.0
48853.09458351135,0.0
48853.15889906883,0.0
48853.21535539627,0.0
48853.2080719471,0.0
48853.23433613777,0.0
48853.29703402519,0.0
48853.35882782936,0.0
48853.40118956566,0.0
48853.48793888092,0.0
48853.542046546936,0.0
48853.5462076664,0.0
48853.59623813629,0.0
48853.644063949585,0.0
48853.65788245201,0.0
48853.71909403801,0.0
48853.78277802467,0.0
48853.81857085228,0.0
48853.85947084427,0.0
48853.73062992096,0.0
48853.695168972015,0.0
48853.75778889656,0.0
48853.70497870445,0.0
48853.74917578697,0.0
48853.72206354141,0.0
48853.77266097069,0.0
48853.82209467888,0.0
48853.86939525604,0.0
48853.94387125969,0.0
48854.01793050766,0.0
48854.09942674637,0.0
48854.179886341095,0.0
48854.25622963905,0.0
48854.31286764145,0.0
48854.28472352028,0.0
48854.30214905739,0.0
48854.34710049629,0.0
48854.40924882889,0.0
48854.47496700287,0.0
48854.54150056839,0.0
48854.590799331665,0.0
48854.67580842972,0.0
48854.73459935188,0.0
48854.80436682701,0.0
48854.88258552551,0.0
48854.91554903984,0.0
48854.9499297142,0.0
48854.60436606407,0.0
48854.569700956345,0.0
48854.3854739666,0.0
48854.46220898628,0.0
48854.52874135971,0.0
48854.591173410416,0.0
48854.64768385887,0.0
48854.705228328705,0.0
48854.740756988525,0.0
48854.81618857384,0.0
48854.89052224159,0.0
48853.92158508301,0.0
48853.923369407654,0.0
48853.85730743408,0.0
48846.49014234543,0.0
48846.53846669197,0.0
48846.62391400337,0.0
48846.70547914505,0.0
48846.81212210655,0.0
48846.85050082207,0.0
48846.93772959709,0.0
46675.24522781372,0.0
46675.30092430115,0.0
46675.01135611534,0.0
45652.72702670097,0.0
44101.78236937523,0.0
44101.88584971428,0.0
44101.962849378586,0.0
44102.04891872406,0.0
44102.14354348183,0.0
44102.21942234039,0.0
44102.30560350418,0.0
44102.40288376808,0.0
44102.48598408699,0.0
44102.57597589493,0.0
44102.6587395668,0.0
44102.7453186512,0.0
31587.952014923096,0.0
31588.025597572327,0.0
31445.146470069885,0.0
31445.089218378067,0.0
31445.14803338051,0.0
31445.181139469147,0.0
31444.864971637726,0.0
31444.81412267685,0.0
31444.83977508545,0.0
31444.26566338539,0.0
31443.309863328934,0.0
25694.215717315674,0.0
25585.768565654755,0.0
25585.787215471268,0.0
18687.623442411423,0.0
18687.24726986885,0.0
18687.15354347229,0.0
18686.971380233765,0.0
18579.083124399185,0.0
18574.71603012085,0.0
18574.548833608627,0.0
18574.59939479828,0.0
18511.626853227615,0.0
18511.63314318657,0.0
18511.706823825836,0.0
18511.753712654114,0.0
18511.73872256279,0.0
18511.740498304367,0.0
18511.765098810196,0.0
18511.780262947083,0.0
18510.937814235687,0.0
18510.72482419014,0.0
18202.829370975494,0.0
14437.024757385254,0.0
14248.663748502731,0.0
14248.73856306076,0.0
14248.819046258926,0.0
14248.896627902985,0.0
14248.950791835785,0.0
14249.022923469543,0.0
14249.09522485733,0.0
14249.151504516602,0.0
14249.203871965408,0.0
14249.181431293488,0.0
14249.255641937256,0.0
14249.317320346832,0.0
14249.367678165436,0.0
14249.408501625061,0.0
14249.32642531395,0.0
14247.571073055267,0.0
13918.409506559372,0.0
13756.059555530548,0.0
13742.54206609726,0.0
13741.32255768776,0.0
13292.334995508194,0.0
11850.553276062012,0.0
11789.080606460571,0.0
11752.71302652359,0.0
11443.094962120056,0.0
11124.479439735413,0.0
11124.551020622253,0.0
11123.56295132637,0.0
11121.843314170837,0.0
11120.43658542633,0.0
11119.407255887985,0.0
11119.348414182663,0.0
11118.19812989235,0.0
10400.153997659683,0.0
9569.66756606102,0.0
9461.633223056793,0.0
9428.69343495369,0.0
9427.147229671478,0.0
5287.73295879364,0.0
3488.244246482849,0.0
2153.8184015750885,0.0
2152.695311307907,0.0
1402.5270068645477,0.0
1363.0275146961212,0.0
1337.2734472751617,0.0
1324.6726145744324,0.0
1165.931544303894,0.0
1031.7482299804688,0.0
1020.1678736209869,0.0
883.1574132442474,0.0
837.4655759334564,0.0
827.0538194179535,0.0
821.2626583576202,0.0
761.7077786922455,0.0
761.6765329837799,0.0
599.2990608215332,0.0
550.327085018158,0.0
530.3911190032959,0.0
510.5065870285034,0.0
445.26385378837585,0.0
413.2217812538147,0.0
408.54796743392944,0.0
348.58899569511414,0.0
346.0276348590851,0.0
341.0148649215698,0.0
304.8083782196045,0.0
272.69497990608215,0.0
233.8037633895874,0.0
203.76898741722107,0.0
119.76146125793457,0.0
80.3651750087738,0.0
73.916344165802,0.0
57.6574592590332,0.0
30.147475481033325,0.0
30.191577911376953,0.0
48893.71987891197,0.0
48893.78646612167,0.0
48893.88103842735,0.0
48893.9592256546,0.0
48894.020599365234,0.0
48894.09879732132,0.0
48894.18690991402,0.0
48894.259533405304,0.0
48894.339131355286,0.0
48894.41246151924,0.0
48894.475730895996,0.0
48894.53616857529,0.0
48894.60223054886,0.0
48894.68984603882,0.0
48894.76045465469,0.0
48894.840155124664,0.0
48894.91049385071,0.0
48894.97638988495,0.0
48895.06516122818,0.0
48895.13917684555,0.0
48895.21691942215,0.0
48895.295113801956,0.0
48895.37065529823,0.0
48895.4461183548,0.0
48895.52118253708,0.0
48895.60129451752,0.0
48895.676070690155,0.0
48895.75335931778,0.0
48895.83033013344,0.0
48895.90884971619,0.0
48895.995009183884,0.0
48896.09082531929,0.0
48896.175370931625,0.0
48896.2575302124,0.0
48896.32738780975,0.0
48896.40372848511,0.0
48896.47510409355,0.0
48896.54069209099,0.0
48896.60745763779,0.0
48896.664461135864,0.0
48896.73168849945,0.0
48896.79608917236,0.0
48896.86550569534,0.0
48896.897783041,0.0
48896.99673461914,0.0
48897.0956993103,0.0
48897.20145058632,0.0
48897.306074142456,0.0
48897.3867855072,0.0
48897.469267606735,0.0
48897.557777404785,0.0
48897.648066043854,0.0
48897.73786354065,0.0
48897.829961299896,0.0
48897.91479682922,0.0
48897.72640514374,0.0
48897.81605887413,0.0
48897.90769338608,0.0
48897.944759607315,0.0
48898.01404929161,0.0
48897.2614607811,0.0
48897.36041688919,0.0
48897.46349143982,0.0
48897.560728788376,0.0
48897.62974405289,0.0
48897.655012607574,0.0
48897.75302219391,0.0
48897.839757442474,0.0
48897.85835146904,0.0
48897.720266103745,0.0
48897.798290491104,0.0
48897.854197740555,0.0
48897.92965173721,0.0
48897.9990606308,0.0
48898.079156160355,0.0
48898.16172027588,0.0
48898.2299387455,0.0
48898.295476436615,0.0
48898.38273334503,0.0
48898.46423244476,0.0
48898.54336643219,0.0
48898.443006277084,0.0
48898.515233039856,0.0
48898.58695077896,0.0
48897.205365896225,0.0
48897.26714992523,0.0
48896.897970199585,0.0
48896.86664557457,0.0
48896.74719333649,0.0
48896.82538032532,0.0
48896.87553548813,0.0
48896.93778324127,0.0
48897.01482486725,0.0
48897.09188222885,0.0
48897.16686439514,0.0
48897.23895025253,0.0
48897.33022403717,0.0
48897.30164217949,0.0
48896.73733377457,0.0
48896.80972313881,0.0
48896.84772014618,0.0
48896.91987276077,0.0
48896.976679325104,0.0
48897.05457139015,0.0
48897.11427760124,0.0
48897.18839144707,0.0
48897.25805783272,0.0
48897.33153176308,0.0
48897.413081884384,0.0
48897.469433784485,0.0
48897.55421996117,0.0
48897.56555199623,0.0
48897.652767658234,0.0
48897.667077064514,0.0
48897.726581811905,0.0
48897.14446234703,0.0
48896.35722208023,0.0
48891.62255167961,0.0
48891.68128442764,0.0
48891.731679201126,0.0
48891.77572107315,0.0
48891.475190639496,0.0
48887.089707136154,0.0
48887.07813620567,0.0
48886.94369387627,0.0
48886.86304807663,0.0
48886.02663016319,0.0
48886.00560379028,0.0
48885.89792203903,0.0
48885.70002031326,0.0
48885.10752701759,0.0
48885.078402757645,0.0
48884.97149205208,0.0
48885.01975917816,0.0
48885.10249185562,0.0
48885.20044517517,0.0
48885.29313826561,0.0
48885.31972169876,0.0
48885.28022360802,0.0
48885.37128210068,0.0
48885.40702199936,0.0
48885.488084316254,0.0
48885.58380794525,0.0
48885.60187602043,0.0
48885.66930603981,0.0
48885.75359797478,0.0
48885.83254623413,0.0
48885.81813955307,0.0
48885.625042915344,0.0
48885.64239239693,0.0
48885.71346926689,0.0
48885.78324723244,0.0
48885.70206069946,0.0
48885.76549196243,0.0
48885.82891154289,0.0
48885.76120519638,0.0
48885.81702232361,0.0
48885.88525867462,0.0
48885.95101976395,0.0
48886.00617003441,0.0
48886.08328580856,0.0
48886.15667963028,0.0
48886.16352534294,0.0
48886.19974446297,0.0
48886.267783880234,0.0
48886.33478093147,0.0
48886.38709783554,0.0
48886.45904803276,0.0
48886.50782632828,0.0
48886.510269641876,0.0
48886.56112551689,0.0
48886.643005132675,0.0
48886.68605923653,0.0
48886.76958370209,0.0
48886.85539793968,0.0
48886.89769387245,0.0
48886.94280028343,0.0
48886.81491923332,0.0
48886.790885448456,0.0
48886.85574579239,0.0
48886.80588078499,0.0
48886.860124111176,0.0
48886.84229493141,0.0
48886.88767385483,0.0
48886.94706749916,0.0
48887.00709104538,0.0
48887.08610033989,0.0
48887.16850709915,0.0
48887.24815583229,0.0
48887.31808114052,0.0
48887.389746427536,0.0
48887.46356534958,0.0
48887.461762428284,0.0
48887.49200320244,0.0
48887.55012798309,0.0
48887.621243715286,0.0
48887.69260144234,0.0
48887.75961637497,0.0
48887.83463931084,0.0
48887.92570400238,0.0
48887.98593378067,0.0
48888.06541156769,0.0
48888.12707710266,0.0
48888.188943862915,0.0
48888.228495121,0.0
48887.88804602623,0.0
48887.8729865551,0.0
48887.68335056305,0.0
48887.75963497162,0.0
48887.8190202713,0.0
48887.87746429443,0.0
48887.946961164474,0.0
48888.022647857666,0.0
48888.05936741829,0.0
48888.11070013046,0.0
48888.15466117859,0.0
48887.16952705383,0.0
48887.15364909172,0.0
48887.06834936142,0.0
48879.69114637375,0.0
48879.714849710464,0.0
48879.77753376961,0.0
48879.86300230026,0.0
48879.953572034836,0.0
48879.98737668991,0.0
48880.06874036789,0.0
46708.40530824661,0.0
46708.4895401001,0.0
46708.2068669796,0.0
45685.92906665802,0.0
44135.001071453094,0.0
44135.09528517723,0.0
44135.197311639786,0.0
44135.298166036606,0.0
44135.38873505592,0.0
44135.48137354851,0.0
44135.581867694855,0.0
44135.668365478516,0.0
44135.74626326561,0.0
44135.85040163994,0.0
44135.94799351692,0.0
44136.03790783882,0.0
31621.250554084778,0.0
31621.332958698273,0.0
31478.468799829483,0.0
31478.417145490646,0.0
31478.496123552322,0.0
31478.538583040237,0.0
31478.22537779808,0.0
31478.177923202515,0.0
31478.19784808159,0.0
31477.60684156418,0.0
31476.644677639008,0.0
25727.54129052162,0.0
25619.088537454605,0.0
25619.108319997787,0.0
18720.946126699448,0.0
18720.577521800995,0.0
18720.49498772621,0.0
18720.30890059471,0.0
18612.41440820694,0.0
18608.03115439415,0.0
18607.859224557877,0.0
18607.922478437424,0.0
18544.966420412064,0.0
18544.984033346176,0.0
18545.059419631958,0.0
18545.12257027626,0.0
18545.10725426674,0.0
18545.10161304474,0.0
18545.101242780685,0.0
18545.078369617462,0.0
18544.22853255272,0.0
18544.00942516327,0.0
18236.1172914505,0.0
14470.338544368744,0.0
14281.973962545395,0.0
14282.038340806961,0.0
14282.108520030975,0.0
14282.190513849258,0.0
14282.229984998703,0.0
14282.318492889404,0.0
14282.390971422195,0.0
14282.446474313736,0.0
14282.506352186203,0.0
14282.494433641434,0.0
14282.564136981964,0.0
14282.61412525177,0.0
14282.653748989105,0.0
14282.711752414703,0.0
14282.642805337906,0.0
14280.902413129807,0.0
13951.76456284523,0.0
13789.439391851425,0.0
13775.925006389618,0.0
13774.705982208252,0.0
13325.713671922684,0.0
11883.904235124588,0.0
11822.41971206665,0.0
11786.040250778198,0.0
11476.406484127045,0.0
11157.779266119003,0.0
11157.843747377396,0.0
11156.849035024643,0.0
11155.115928411484,0.0
11153.69369482994,0.0
11152.674608707428,0.0
11152.599739789963,0.0
11151.430515766144,0.0
10433.402198314667,0.0
9602.932968616486,0.0
9494.910192966461,0.0
9461.981691122055,0.0
9460.416901826859,0.0
5321.0004205703735,0.0
3521.5077493190765,0.0
2187.079699754715,0.0
2185.94079041481,0.0
1435.7704038619995,0.0
1370.428705215454,0.0
1357.816922903061,0.0
1199.0629596710205,0.0
1064.8902819156647,0.0
1053.3220057487488,0.0
916.3066432476044,0.0
870.623940706253,0.0
860.2297606468201,0.0
854.4438540935516,0.0
794.9030022621155,0.0
794.887834072113,0.0
632.504203081131,0.0
583.536164522171,0.0
563.6063511371613,0.0
543.7256412506104,0.0
478.48213481903076,0.0
446.4275453090668,0.0
441.74623346328735,0.0
379.158664226532,0.0
374.1550693511963,0.0
337.95964217185974,0.0
305.8497383594513,0.0
266.96677327156067,0.0
236.92855858802795,0.0
152.92305159568787,0.0
113.52723526954651,0.0
107.07747745513916,0.0
90.80506181716919,0.0
57.812278747558594,0.0
31.165537118911743,0.0
31.187808752059937,0.0
48969.54123210907,0.0
48969.61230945587,0.0
48969.68636775017,0.0
48969.74906420708,0.0
48969.82445335388,0.0
48969.90856575966,0.0
48969.974157094955,0.0
48970.03733611107,0.0
48970.11767554283,0.0
48970.191497802734,0.0
48970.2582526207,0.0
48970.329379081726,0.0
48970.39720797539,0.0
48970.452328681946,0.0
48970.50023961067,0.0
48970.578159570694,0.0
48970.64538168907,0.0
48970.712921857834,0.0
48970.77913761139,0.0
48970.84356355667,0.0
48970.91811347008,0.0
48970.968171834946,0.0
48971.026514053345,0.0
48971.08841300011,0.0
48971.16993713379,0.0
48971.23839020729,0.0
48971.2939221859,0.0
48971.35646605492,0.0
48971.41588258743,0.0
48971.474741220474,0.0
48971.52816987038,0.0
48971.5824637413,0.0
48971.653581142426,0.0
48971.713584661484,0.0
48971.78219485283,0.0
48971.85517835617,0.0
48971.9169178009,0.0
48971.9935798645,0.0
48972.052117586136,0.0
48972.10858798027,0.0
48972.173132419586,0.0
48972.2363243103,0.0
48972.286554813385,0.0
48972.304137945175,0.0
48972.37224006653,0.0
48972.43894767761,0.0
48972.49566292763,0.0
48972.553235054016,0.0
48972.620075941086,0.0
48972.6808116436,0.0
48972.754841566086,0.0
48972.82817816734,0.0
48972.9072136879,0.0
48972.98012948036,0.0
48973.05880999565,0.0
48972.85697722435,0.0
48972.90193152428,0.0
48972.949513435364,0.0
48972.955743312836,0.0
48973.01195502281,0.0
48972.23530817032,0.0
48972.311094760895,0.0
48972.3985517025,0.0
48972.46699619293,0.0
48972.49274516106,0.0
48972.4587790966,0.0
48972.51162624359,0.0
48972.55552697182,0.0
48972.56296753883,0.0
48972.40627121925,0.0
48972.46586418152,0.0
48972.487471818924,0.0
48972.54466676712,0.0
48972.60395717621,0.0
48972.66221547127,0.0
48972.71605491638,0.0
48972.74586009979,0.0
48972.78014707565,0.0
48972.8360555172,0.0
48972.89130997658,0.0
48972.952642679214,0.0
48972.84035778046,0.0
48972.89121937752,0.0
48972.94857549667,0.0
48971.56315636635,0.0
48971.61488246918,0.0
48971.231290102005,0.0
48971.19135975838,0.0
48971.04944109917,0.0
48971.11490893364,0.0
48971.161895513535,0.0
48971.21343970299,0.0
48971.27532744408,0.0
48971.32956767082,0.0
48971.38820767403,0.0
48971.442588567734,0.0
48971.50498151779,0.0
48971.4542760849,0.0
48970.86670470238,0.0
48970.925127744675,0.0
48970.93806433678,0.0
48971.01377558708,0.0
48971.06117391586,0.0
48971.119700431824,0.0
48971.16973018646,0.0
48971.227816820145,0.0
48971.280102968216,0.0
48971.32246589661,0.0
48971.36049604416,0.0
48971.40103697777,0.0
48971.44267606735,0.0
48971.41691017151,0.0
48971.459408044815,0.0
48971.43359684944,0.0
48971.4628674984,0.0
48970.854681015015,0.0
48970.03632354736,0.0
48965.26880025864,0.0
48965.30177664757,0.0
48965.320335149765,0.0
48965.33255767822,0.0
48964.991950035095,0.0
48960.56991314888,0.0
48960.53343439102,0.0
48960.37253475189,0.0
48960.27638864517,0.0
48959.43083739281,0.0
48959.39388847351,0.0
48959.27192234993,0.0
48959.06019997597,0.0
48958.455642700195,0.0
48958.402814626694,0.0
48958.26871132851,0.0
48958.28128886223,0.0
48958.33090090752,0.0
48958.389665842056,0.0
48958.44248390198,0.0
48958.442101955414,0.0
48958.36164736748,0.0
48958.42298221588,0.0
48958.44352555275,0.0
48958.511261463165,0.0
48958.591297864914,0.0
48958.532745838165,0.0
48958.572070360184,0.0
48958.61449480057,0.0
48958.660769701004,0.0
48958.62333750725,0.0
48958.39294171333,0.0
48958.38954329491,0.0
48958.43807029724,0.0
48958.49563622475,0.0
48958.388258457184,0.0
48958.4477725029,0.0
48958.498094558716,0.0
48958.41988873482,0.0
48958.45439362526,0.0
48958.509360313416,0.0
48958.558546066284,0.0
48958.60183930397,0.0
48958.66592359543,0.0
48958.73563671112,0.0
48958.724848508835,0.0
48958.73903274536,0.0
48958.78477907181,0.0
48958.83551001549,0.0
48958.87162899971,0.0
48958.93801879883,0.0
48958.981218099594,0.0
48958.99094605446,0.0
48959.04166221619,0.0
48959.09631252289,0.0
48959.103249788284,0.0
48959.17842912674,0.0
48959.25077795982,0.0
48959.29228711128,0.0
48959.33400130272,0.0
48959.20299053192,0.0
48959.17126107216,0.0
48959.24022102356,0.0
48959.1999464035,0.0
48959.25399875641,0.0
48959.24115395546,0.0
48959.287555933,0.0
48959.36376738548,0.0
48959.42745232582,0.0
48959.4915728569,0.0
48959.567608594894,0.0
48959.641770362854,0.0
48959.71886897087,0.0
48959.78182244301,0.0
48959.84648323059,0.0
48959.82720756531,0.0
48959.852026462555,0.0
48959.91773939133,0.0
48959.99356198311,0.0
48960.07952427864,0.0
48960.15157485008,0.0
48960.221876621246,0.0
48960.31430077553,0.0
48960.385556936264,0.0
48960.45703339577,0.0
48960.50999426842,0.0
48960.544340610504,0.0
48960.56968665123,0.0
48960.22846317291,0.0
48960.21496295929,0.0
48960.05898427963,0.0
48960.1405441761,0.0
48960.20078420639,0.0
48960.27686500549,0.0
48960.33528780937,0.0
48960.40435266495,0.0
48960.469994306564,0.0
48960.537148952484,0.0
48960.61978268623,0.0
48959.647381305695,0.0
48959.63896083832,0.0
48959.57434773445,0.0
48952.20218420029,0.0
48952.25157046318,0.0
48952.33904886246,0.0
48952.40292954445,0.0
48952.48235416412,0.0
48952.509135484695,0.0
48952.584973573685,0.0
46780.88407588005,0.0
46780.94296646118,0.0
46780.651880025864,0.0
45758.349536418915,0.0
44207.39043903351,0.0
44207.465730667114,0.0
44207.531343221664,0.0
44207.61120939255,0.0
44207.697623729706,0.0
44207.77813267708,0.0
44207.86636304855,0.0
44207.95914173126,0.0
44208.04635596275,0.0
44208.11809659004,0.0
44208.19477701187,0.0
44208.29145383835,0.0
31693.500994205475,0.0
31693.57337975502,0.0
31550.691690921783,0.0
31550.63301730156,0.0
31550.70197892189,0.0
31550.731646299362,0.0
31550.408120155334,0.0
31550.35178375244,0.0
31550.38961172104,0.0
31549.800067424774,0.0
31548.842902183533,0.0
25799.749093532562,0.0
25691.29043841362,0.0
25691.298815727234,0.0
18793.130306482315,0.0
18792.745181322098,0.0
18792.653294324875,0.0
18792.47755265236,0.0
18684.599223136902,0.0
18680.2402946949,0.0
18680.080957889557,0.0
18680.14126086235,0.0
18617.17833161354,0.0
18617.19011449814,0.0
18617.26923441887,0.0
18617.316020965576,0.0
18617.29674911499,0.0
18617.286017894745,0.0
18617.282975912094,0.0
18617.2633163929,0.0
18616.40513253212,0.0
18616.18249130249,0.0
18308.294527053833,0.0
14542.48788189888,0.0
14354.120700359344,0.0
14354.203761577606,0.0
14354.273186683655,0.0
14354.33470582962,0.0
14354.371634721756,0.0
14354.436709165573,0.0
14354.51219367981,0.0
14354.571473836899,0.0
14354.629550457,0.0
14354.633032798767,0.0
14354.720578432083,0.0
14354.7656519413,0.0
14354.815693378448,0.0
14354.867766141891,0.0
14354.813569307327,0.0
14353.082372665405,0.0
14023.931612730026,0.0
13861.59558224678,0.0
13848.083002328873,0.0
13846.879210472107,0.0
13397.903732061386,0.0
11956.121083259583,0.0
11894.657884120941,0.0
11858.307771205902,0.0
11548.70389342308,0.0
11230.104547262192,0.0
11230.192845344543,0.0
11229.2190887928,0.0
11227.476576089859,0.0
11226.048728942871,0.0
11225.01399731636,0.0
11224.91794705391,0.0
11223.73944401741,0.0
10505.69591641426,0.0
9675.202926158905,0.0
9567.15214729309,0.0
9534.203763723373,0.0
9532.643702030182,0.0
5393.236497879028,0.0
3593.720452308655,0.0
2259.267051935196,0.0
2258.116357564926,0.0
1507.9363763332367,0.0
1442.57013297081,0.0
1271.1105065345764,0.0
1136.9243350028992,0.0
1125.3540062904358,0.0
988.3588016033173,0.0
942.6898407936096,0.0
932.2952282428741,0.0
926.5259408950806,0.0
866.9797801971436,0.0
866.955338716507,0.0
704.5760779380798,0.0
615.6293087005615,0.0
550.4072225093842,0.0
518.3554043769836,0.0
513.6844170093536,0.0
451.07916831970215,0.0
446.05618953704834,0.0
409.85666370391846,0.0
377.7397828102112,0.0
338.8439314365387,0.0
308.81794238090515,0.0
224.8268301486969,0.0
185.4523606300354,0.0
179.01189923286438,0.0
162.73178672790527,0.0
129.74637913703918,0.0
27.095826148986816,0.0
27.133543968200684,0.0
49017.44109392166,0.0
49017.4834382534,0.0
49017.527874946594,0.0
49017.59858298302,0.0
49017.66465759277,0.0
49017.72853088379,0.0
49017.80667424202,0.0
49017.87916278839,0.0
49017.94396829605,0.0
49018.01578164101,0.0
49018.06484365463,0.0
49018.141966581345,0.0
49018.2199985981,0.0
49018.28641438484,0.0
49018.34702587128,0.0
49018.407917261124,0.0
49018.473264694214,0.0
49018.54930782318,0.0
49018.617154598236,0.0
49018.67585706711,0.0
49018.7456176281,0.0
49018.813702344894,0.0
49018.86644744873,0.0
49018.931450366974,0.0
49018.996217012405,0.0
49019.0581510067,0.0
49019.10804462433,0.0
49019.15173840523,0.0
49019.203093767166,0.0
49019.26105904579,0.0
49019.3096575737,0.0
49019.34109854698,0.0
49019.38162493706,0.0
49019.42386198044,0.0
49019.466185092926,0.0
49019.511518239975,0.0
49019.56242918968,0.0
49019.61881375313,0.0
49019.67906975746,0.0
49019.72336483002,0.0
49019.78084111214,0.0
49019.84175848961,0.0
49019.89579749107,0.0
49019.9067966938,0.0
49019.9553399086,0.0
49020.01292300224,0.0
49020.06708931923,0.0
49020.122688770294,0.0
49020.17197370529,0.0
49020.219977378845,0.0
49020.262162446976,0.0
49020.310935497284,0.0
49020.36894226074,0.0
49020.41695523262,0.0
49020.470653533936,0.0
49020.24860239029,0.0
49020.29820728302,0.0
49020.34391903877,0.0
49020.354649066925,0.0
49020.40241479874,0.0
49019.61806321144,0.0
49019.68792629242,0.0
49019.746253967285,0.0
49019.8079328537,0.0
49019.83842635155,0.0
49019.82084298134,0.0
49019.88772535324,0.0
49019.959008932114,0.0
49019.97361278534,0.0
49019.826628923416,0.0
49019.89342880249,0.0
49019.93557882309,0.0
49019.99217128754,0.0
49020.04929256439,0.0
49020.10389304161,0.0
49020.162004709244,0.0
49020.18977880478,0.0
49020.228529930115,0.0
49020.294291734695,0.0
49020.35571336746,0.0
49020.418551683426,0.0
49020.29187631607,0.0
49020.34842944145,0.0
49020.40677905083,0.0
49019.015114068985,0.0
49019.063817977905,0.0
49018.685272693634,0.0
49018.64499545097,0.0
49018.49798679352,0.0
49018.54528450966,0.0
49018.57887220383,0.0
49018.63135075569,0.0
49018.685785532,0.0
49018.74401807785,0.0
49018.80105090141,0.0
49018.85795378685,0.0
49018.92323732376,0.0
49018.8756582737,0.0
49018.302693367004,0.0
49018.36866259575,0.0
49018.38368701935,0.0
49018.44190835953,0.0
49018.48567891121,0.0
49018.541083574295,0.0
49018.58983421326,0.0
49018.64887046814,0.0
49018.72721195221,0.0
49018.798941373825,0.0
49018.86874580383,0.0
49018.923305273056,0.0
49018.965353012085,0.0
49018.93213415146,0.0
49018.984698057175,0.0
49018.97421121597,0.0
49019.02491545677,0.0
49018.449998140335,0.0
49017.654675245285,0.0
49012.915452480316,0.0
49012.97349977493,0.0
49013.021485328674,0.0
49013.060821056366,0.0
49012.756009578705,0.0
49008.381271362305,0.0
49008.38304758072,0.0
49008.24474263191,0.0
49008.150800943375,0.0
49007.3069627285,0.0
49007.280990600586,0.0
49007.18041706085,0.0
49006.988312244415,0.0
49006.41123366356,0.0
49006.40890240669,0.0
49006.30087041855,0.0
49006.34923577309,0.0
49006.421538352966,0.0
49006.511551618576,0.0
49006.602090358734,0.0
49006.61806344986,0.0
49006.55880022049,0.0
49006.647185087204,0.0
49006.69907140732,0.0
49006.791071891785,0.0
49006.86913537979,0.0
49006.83537817001,0.0
49006.91392993927,0.0
49006.976838588715,0.0
49007.02917408943,0.0
49006.998012542725,0.0
49006.77200269699,0.0
49006.77999782562,0.0
49006.84195160866,0.0
49006.90764093399,0.0
49006.815774440765,0.0
49006.884249448776,0.0
49006.93755531311,0.0
49006.873404979706,0.0
49006.918771743774,0.0
49006.98704767227,0.0
49007.06580901146,0.0
49007.14246940613,0.0
49007.23578834534,0.0
49007.32826757431,0.0
49007.3236310482,0.0
49007.358717918396,0.0
49007.429419755936,0.0
49007.49546456337,0.0
49007.531053066254,0.0
49007.59927368164,0.0
49007.646941661835,0.0
49007.648577690125,0.0
49007.69418215752,0.0
49007.74707746506,0.0
49007.75971913338,0.0
49007.83411717415,0.0
49007.90933728218,0.0
49007.978101968765,0.0
49008.0335958004,0.0
49007.9084341526,0.0
49007.872688531876,0.0
49007.949743270874,0.0
49007.90056204796,0.0
49007.95614337921,0.0
49007.95564723015,0.0
49007.99749159813,0.0
49008.08396553993,0.0
49008.17299723625,0.0
49008.2697455883,0.0
49008.34223294258,0.0
49008.412400722504,0.0
49008.493193387985,0.0
49008.55645060539,0.0
49008.61421775818,0.0
49008.59621429443,0.0
49008.64167237282,0.0
49008.688274383545,0.0
49008.76738238335,0.0
49008.84614229202,0.0
49008.899955272675,0.0
49008.95306110382,0.0
49009.02841877937,0.0
49009.09400892258,0.0
49009.157821178436,0.0
49009.213064432144,0.0
49009.26322245598,0.0
49009.29515147209,0.0
49008.96463227272,0.0
49008.9473965168,0.0
49008.75619983673,0.0
49008.82544732094,0.0
49008.87682008743,0.0
49008.92782211304,0.0
49008.97516012192,0.0
49009.024757146835,0.0
49009.06397438049,0.0
49009.12036204338,0.0
49009.18592405319,0.0
49008.2162194252,0.0
49008.219820261,0.0
49008.150874614716,0.0
49000.78559589386,0.0
49000.82767510414,0.0
49000.914008140564,0.0
49000.993012428284,0.0
49001.08081293106,0.0
49001.10762143135,0.0
49001.18191289902,0.0
46829.506206035614,0.0
46829.56594634056,0.0
46829.26151442528,0.0
45806.97088265419,0.0
44256.021606206894,0.0
44256.09941625595,0.0
44256.17981696129,0.0
44256.254365205765,0.0
44256.32661771774,0.0
44256.39225935936,0.0
44256.46886467934,0.0
44256.53997302055,0.0
44256.61205911636,0.0
44256.69512295723,0.0
44256.78396964073,0.0
44256.878762960434,0.0
31742.09173631668,0.0
31742.173033714294,0.0
31599.287496089935,0.0
31599.25560116768,0.0
31599.323297023773,0.0
31599.35572195053,0.0
31599.042490005493,0.0
31598.999980926514,0.0
31599.033042907715,0.0
31598.445648431778,0.0
31597.485597372055,0.0
25848.403706789017,0.0
25739.951153755188,0.0
25739.96911597252,0.0
18841.8038752079,0.0
18841.42939901352,0.0
18841.33163714409,0.0
18841.140015125275,0.0
18733.23836493492,0.0
18728.862226247787,0.0
18728.69664168358,0.0
18728.763362646103,0.0
18665.810280799866,0.0
18665.832016468048,0.0
18665.903787612915,0.0
18665.955074071884,0.0
18665.938359737396,0.0
18665.930317401886,0.0
18665.932445526123,0.0
18665.90757393837,0.0
18665.052264928818,0.0
18664.82511997223,0.0
18356.932726621628,0.0
14591.124111890793,0.0
14402.763386249542,0.0
14402.839756965637,0.0
14402.911656856537,0.0
14402.982442378998,0.0
14403.025879144669,0.0
14403.1056163311,0.0
14403.174417495728,0.0
14403.23694229126,0.0
14403.286048173904,0.0
14403.26596570015,0.0
14403.333750486374,0.0
14403.358966112137,0.0
14403.387207984924,0.0
14403.425141096115,0.0
14403.338049650192,0.0
14401.546500205994,0.0
14072.376066923141,0.0
13910.01777267456,0.0
13896.490746736526,0.0
13895.265631198883,0.0
13446.291041851044,0.0
12004.51838517189,0.0
11943.058145046234,0.0
11906.724144935608,0.0
11597.106351852417,0.0
11278.523418664932,0.0
11278.614656925201,0.0
11277.627984523773,0.0
11275.901372909546,0.0
11274.489838838577,0.0
11273.47205901146,0.0
11273.39190196991,0.0
11272.211661577225,0.0
10554.161355257034,0.0
9723.667193174362,0.0
9615.651501893997,0.0
9582.702336072922,0.0
9581.135715007782,0.0
5441.720015048981,0.0
3642.20743227005,0.0
2307.7556777000427,0.0
2306.6012523174286,0.0
1556.4175679683685,0.0
1491.0427355766296,0.0
1319.5963928699493,0.0
1185.4074137210846,0.0
1173.8352303504944,0.0
1036.8133516311646,0.0
991.1264805793762,0.0
974.8436343669891,0.0
915.2984228134155,0.0
915.2679314613342,0.0
752.8907327651978,0.0
663.9513578414917,0.0
598.7284026145935,0.0
566.709846496582,0.0
562.0522329807281,0.0
499.4668288230896,0.0
494.4459812641144,0.0
458.2394549846649,0.0
426.11959862709045,0.0
387.21648836135864,0.0
357.18680596351624,0.0
273.18349266052246,0.0
233.7811357975006,0.0
227.3195824623108,0.0
211.0393705368042,0.0
178.05106925964355,0.0
54.29795503616333,0.0
47.13316893577576,0.0
44.39475059509277,0.0
41.18488836288452,0.0
27.610461711883545,0.0
27.624772787094116,0.0
49048.918046712875,0.0
49048.96511912346,0.0
49049.02547812462,0.0
49049.08325791359,0.0
49049.16758584976,0.0
49049.23976659775,0.0
49049.31924557686,0.0
49049.377301454544,0.0
49049.449675798416,0.0
49049.51957321167,0.0
49049.58029651642,0.0
49049.649148225784,0.0
49049.72992801666,0.0
49049.800047159195,0.0
49049.871020555496,0.0
49049.94342494011,0.0
49050.00957274437,0.0
49050.074196100235,0.0
49050.14269208908,0.0
49050.217166662216,0.0
49050.26750636101,0.0
49050.32649922371,0.0
49050.37063217163,0.0
49050.4138674736,0.0
49050.45867562294,0.0
49050.50334882736,0.0
49050.55494904518,0.0
49050.61742901802,0.0
49050.68756580353,0.0
49050.76048231125,0.0
49050.84362769127,0.0
49050.905042648315,0.0
49050.99602031708,0.0
49051.07211947441,0.0
49051.16094326973,0.0
49051.23705339432,0.0
49051.31554532051,0.0
49051.39224624634,0.0
49051.4621925354,0.0
49051.52808332443,0.0
49051.60503721237,0.0
49051.673099040985,0.0
49051.76254057884,0.0
49051.778578042984,0.0
49051.84877157211,0.0
49051.92268824577,0.0
49051.99448490143,0.0
49052.0636985302,0.0
49052.130960941315,0.0
49052.200946331024,0.0
49052.265174627304,0.0
49052.34142994881,0.0
49052.41162085533,0.0
49052.492023706436,0.0
49052.56676530838,0.0
49052.36725091934,0.0
49052.433542490005,0.0
49052.49591875076,0.0
49052.52975678444,0.0
49052.59263753891,0.0
49051.809957027435,0.0
49051.88564777374,0.0
49051.977451086044,0.0
49052.06862998009,0.0
49052.12456154823,0.0
49052.11235141754,0.0
49052.1859126091,0.0
49052.254286527634,0.0
49052.28052973747,0.0
49052.14032840729,0.0
49052.21065688133,0.0
49052.246305942535,0.0
49052.31231713295,0.0
49052.381883621216,0.0
49052.45552635193,0.0
49052.52771925926,0.0
49052.5611948967,0.0
49052.60927319527,0.0
49052.67724442482,0.0
49052.74109888077,0.0
49052.81207942963,0.0
49052.70848155022,0.0
49052.78067803383,0.0
49052.84649372101,0.0
49051.463559389114,0.0
49051.526129961014,0.0
49051.17213487625,0.0
49051.143315553665,0.0
49051.01902580261,0.0
49051.081372737885,0.0
49051.13151860237,0.0
49051.19175410271,0.0
49051.25488162041,0.0
49051.31954550743,0.0
49051.39033818245,0.0
49051.45991063118,0.0
49051.52255868912,0.0
49051.47695016861,0.0
49050.92506313324,0.0
49051.00003480911,0.0
49051.028185367584,0.0
49051.10113668442,0.0
49051.15409827232,0.0
49051.2156662941,0.0
49051.26383161545,0.0
49051.324519872665,0.0
49051.38264656067,0.0
49051.4445939064,0.0
49051.49944281578,0.0
49051.54068899155,0.0
49051.607659101486,0.0
49051.60107445717,0.0
49051.675297021866,0.0
49051.67857480049,0.0
49051.74422097206,0.0
49051.175065755844,0.0
49050.38839149475,0.0
49045.654755592346,0.0
49045.72199463844,0.0
49045.77569293976,0.0
49045.816806554794,0.0
49045.534204244614,0.0
49041.15543317795,0.0
49041.14164209366,0.0
49041.00498795509,0.0
49040.914643764496,0.0
49040.07135391235,0.0
49040.06682085991,0.0
49039.97511100769,0.0
49039.78331875801,0.0
49039.21094608307,0.0
49039.20598959923,0.0
49039.086329460144,0.0
49039.11754131317,0.0
49039.17490887642,0.0
49039.24555850029,0.0
49039.31816291809,0.0
49039.32970356941,0.0
49039.25272631645,0.0
49039.32225060463,0.0
49039.355032444,0.0
49039.42428803444,0.0
49039.495701789856,0.0
49039.4472887516,0.0
49039.49657821655,0.0
49039.55563831329,0.0
49039.61323046684,0.0
49039.5753493309,0.0
49039.3807554245,0.0
49039.410920619965,0.0
49039.492129802704,0.0
49039.57453727722,0.0
49039.49941420555,0.0
49039.56162428856,0.0
49039.62405204773,0.0
49039.567288160324,0.0
49039.633578300476,0.0
49039.70374202728,0.0
49039.779319524765,0.0
49039.839388370514,0.0
49039.90042614937,0.0
49039.97146487236,0.0
49039.972524642944,0.0
49039.99939203262,0.0
49040.06446099281,0.0
49040.136580228806,0.0
49040.19519853592,0.0
49040.27719783783,0.0
49040.34614896774,0.0
49040.3499686718,0.0
49040.40010094643,0.0
49040.452164411545,0.0
49040.45801281929,0.0
49040.53447198868,0.0
49040.61952805519,0.0
49040.67429614067,0.0
49040.71750688553,0.0
49040.59466838837,0.0
49040.56960296631,0.0
49040.663024663925,0.0
49040.63859343529,0.0
49040.69089913368,0.0
49040.6702542305,0.0
49040.707924842834,0.0
49040.76578068733,0.0
49040.83913254738,0.0
49040.919823646545,0.0
49040.98323869705,0.0
49041.040981054306,0.0
49041.10880494118,0.0
49041.16955137253,0.0
49041.230912446976,0.0
49041.21188759804,0.0
49041.24258065224,0.0
49041.31079483032,0.0
49041.40773534775,0.0
49041.51162314415,0.0
49041.60000562668,0.0
49041.6765666008,0.0
49041.76814985275,0.0
49041.849974393845,0.0
49041.94781374931,0.0
49042.02875995636,0.0
49042.09390926361,0.0
49042.15647482872,0.0
49041.8466694355,0.0
49041.84686899185,0.0
49041.69411158562,0.0
49041.78897023201,0.0
49041.85199594498,0.0
49041.923201560974,0.0
49041.97529673576,0.0
49042.05250620842,0.0
49042.10986614227,0.0
49042.169801950455,0.0
49042.227821588516,0.0
49041.26144647598,0.0
49041.254476070404,0.0
49041.17747378349,0.0
49033.79597616196,0.0
49033.833069086075,0.0
49033.896704912186,0.0
49033.96390557289,0.0
49034.046164512634,0.0
49034.07240700722,0.0
49034.14807224274,0.0
46862.45717048645,0.0
46862.52947831154,0.0
46862.2259311676,0.0
45839.928745508194,0.0
44288.966386795044,0.0
44289.03270196915,0.0
44289.1042740345,0.0
44289.175059080124,0.0
44289.24207162857,0.0
44289.31148481369,0.0
44289.397584438324,0.0
44289.48026227951,0.0
44289.55471658707,0.0
44289.635351896286,0.0
44289.70772027969,0.0
44289.77828836441,0.0
31774.973601341248,0.0
31775.04811811447,0.0
31632.165095090866,0.0
31632.104580402374,0.0
31632.189297437668,0.0
31632.240550756454,0.0
31631.934493780136,0.0
31631.868484973907,0.0
31631.89035344124,0.0
31631.289320468903,0.0
31630.33550977707,0.0
25881.230531215668,0.0
25772.77421784401,0.0
25772.78538942337,0.0
18874.619339942932,0.0
18874.247904777527,0.0
18874.179843187332,0.0
18874.01241660118,0.0
18766.12749361992,0.0
18761.77045583725,0.0
18761.604922294617,0.0
18761.672055482864,0.0
18698.709150075912,0.0
18698.723587989807,0.0
18698.800172567368,0.0
18698.85089635849,0.0
18698.82572197914,0.0
18698.807089805603,0.0
18698.80154776573,0.0
18698.775264024734,0.0
18697.916996717453,0.0
18697.68280029297,0.0
18389.80377960205,0.0
14624.013947248459,0.0
14435.649913072586,0.0
14435.744411706924,0.0
14435.838062286377,0.0
14435.926666736603,0.0
14435.983142375946,0.0
14436.07948231697,0.0
14436.174005746841,0.0
14436.249425172806,0.0
14436.32224225998,0.0
14436.31848025322,0.0
14436.390501976013,0.0
14436.434897899628,0.0
14436.46584534645,0.0
14436.510400533676,0.0
14436.447164058685,0.0
14434.694205760956,0.0
14105.546169757843,0.0
13943.207073688507,0.0
13929.696171998978,0.0
13928.490209817886,0.0
13479.51440191269,0.0
12037.715671777725,0.0
11976.241164207458,0.0
11939.86842417717,0.0
11630.239659786224,0.0
11311.615489244461,0.0
11311.680629968643,0.0
11310.685519695282,0.0
11308.93537902832,0.0
11307.497973203659,0.0
11306.4484436512,0.0
11306.364235401154,0.0
11305.181006908417,0.0
10587.136373519897,0.0
9756.642721176147,0.0
9648.606704711914,0.0
9615.671597480774,0.0
9614.108812570572,0.0
5474.694570302963,0.0
3675.2218973636627,0.0
2340.803231716156,0.0
2339.6747279167175,0.0
1589.5047719478607,0.0
1524.1422324180603,0.0
1352.6830129623413,0.0
1218.5094909667969,0.0
1206.9310886859894,0.0
1069.9130005836487,0.0
1024.226464509964,0.0
1007.9458615779877,0.0
948.3996183872223,0.0
948.3766703605652,0.0
785.9976410865784,0.0
697.0498247146606,0.0
631.8066670894623,0.0
599.752599477768,0.0
595.0751156806946,0.0
532.4765517711639,0.0
527.4549984931946,0.0
491.2476692199707,0.0
459.12706756591797,0.0
420.2321319580078,0.0
390.20374822616577,0.0
306.21284103393555,0.0
266.8420469760895,0.0
260.4125084877014,0.0
244.15507197380066,0.0
211.1859152317047,0.0
87.43447470664978,0.0
80.27287244796753,0.0
77.53769302368164,0.0
74.33870553970337,0.0
29.49995183944702,0.0
29.5297212600708,0.0
